Titulo,Precio,Reseñas,Estrellas,Autor,Fecha,Mes,Sentimiento
"HP 245 G7 AMD E2 9000E 4GB DDR4 1 TERA PANTALLA 14"" NO DVD HDMI LINUX NEGRO",$1.099.000,Excelente equipo a un precio muy asequible.,5,Por Hedixon Cadena Hedixon Cadena,2020-09-15,09-September,1
"HP 245 G7 AMD E2 9000E 4GB DDR4 1 TERA PANTALLA 14"" NO DVD HDMI LINUX NEGRO",$1.099.000,Ok,5,Por Jhon Fernando Trigos Mandon,2020-09-13,09-September,1
"HP 245 G7 AMD E2 9000E 4GB DDR4 1 TERA PANTALLA 14"" NO DVD HDMI LINUX NEGRO",$1.099.000,muy bueno .lo que necesitaba y lo que pedí,5,Por Mariluz Martinez López,2020-09-13,09-September,1
"HP 245 G7 AMD E2 9000E 4GB DDR4 1 TERA PANTALLA 14"" NO DVD HDMI LINUX NEGRO",$1.099.000,el tiempo de entrega fue rapidísimo y espero encender el pc para validar su buen funcionamiento,5,Por Jhon zailem Galindez ortiz,2020-11-09,11-November,1
"HP 245 G7 AMD E2 9000E 4GB DDR4 1 TERA PANTALLA 14"" NO DVD HDMI LINUX NEGRO",$1.099.000,"excelente servicio , llegó lo que esperaba",5,Por franklin Alexis garcia Suárez,2020-11-09,11-November,1
"HP 245 G7 AMD E2 9000E 4GB DDR4 1 TERA PANTALLA 14"" NO DVD HDMI LINUX NEGRO",$1.099.000,el sonido no es bueno,4,Por yeison colorado,2020-10-09,10-October,1
"HP 245 G7 AMD E2 9000E 4GB DDR4 1 TERA PANTALLA 14"" NO DVD HDMI LINUX NEGRO",$1.099.000,muy bonito,5,Por Jenny Milena Montenegro Triana,2020-10-09,10-October,1
"HP 245 G7 AMD E2 9000E 4GB DDR4 1 TERA PANTALLA 14"" NO DVD HDMI LINUX NEGRO",$1.099.000,Excelente,5,Por Dreiss Leandro,2020-09-09,09-September,1
"HP 245 G7 AMD E2 9000E 4GB DDR4 1 TERA PANTALLA 14"" NO DVD HDMI LINUX NEGRO",$1.099.000,Muy bien,5,Reseñado,2020-07-09,07-July,1
"PORTATIL LENOVO V330-14ARR RYZEN 5 8GB 256G 14"" NO DVD WIN10 PRO IRON GREY",$1.970.000,Muy bien. Todo a tiempo,4,Por Andres Rodriguez,2020-08-28,08-August,1
"PORTATIL LENOVO V330-14ARR RYZEN 5 8GB 256G 14"" NO DVD WIN10 PRO IRON GREY",$1.970.000,Excelente pdto y servicio,5,Por arenaslc1@gmail.com arenaslc1@gmail.com,2020-08-28,08-August,1
"Monitor Led Samsung 22"" S22F350FHL Negro",$350.000,Excelente servicio y producto llego a tiempo,5,Por Pedro Trigos Photo & Films Pedro Trigos Photo & Films,2020-08-20,08-August,1
"Monitor Led Samsung 22"" S22F350FHL Negro",$350.000,El producto venía en su caja original con accesorios. Excelente Servicio,5,Por Andrea Nossa,2020-08-20,08-August,1
"Monitor Led Samsung 22"" S22F350FHL Negro",$350.000,"El pedido llegó súper rápido. El producto venía en la caja a original con accesorios. No viene la factura, necesaria en caso de garantía, quedo pendiente de su envío. Gracias",5,Por Andrea Nossa,2020-08-19,08-August,1
"Monitor Led Samsung 22"" S22F350FHL Negro",$350.000,Espectacular tiempo de entrega.  Producto de muy buena calidad y resolución.  excelente precio.,4,Por Alexander Bonilla,2020-08-13,08-August,1
"Monitor Led Samsung 22"" S22F350FHL Negro",$350.000,"Excelente monitor, lastima que no tiene salida de audio pero muy buena imagen.",5,Por Felipe Paipilla Guacheta,2020-11-08,11-November,1
"Monitor Led Samsung 22"" S22F350FHL Negro",$350.000,"Tal cual la descripción, todo funciona muy bien",5,Por Jeniffer Henao,2020-07-08,07-July,1
"Monitor Led Samsung 22"" S22F350FHL Negro",$350.000,"Excelente producto, mucha calidad para su precio.",5,Por Luis Eduardo Perez Lopez,2020-07-31,07-July,1
"Monitor Led Samsung 22"" S22F350FHL Negro",$350.000,Muy rápida la entrega y es lo esperado según las descripciones de producto.,5,Por Michael Jimenez Bustos,2020-07-29,07-July,1
"Monitor Led Samsung 22"" S22F350FHL Negro",$350.000,el producto funciona muy bien,5,Por jose bonilla jose bonilla,2020-07-15,07-July,1
"Monitor Led Samsung 22"" S22F350FHL Negro",$350.000,Excelente producto.,5,Por José Alexander Sarmiento,2020-07-15,07-July,1
"Monitor Led Samsung 22"" S22F350FHL Negro",$350.000,Llegó en tiempo indicado y en buen estado. Cumple con las características que presentan.,5,Por Ana Córdoba,2020-10-07,10-October,1
"Monitor Led Samsung 22"" S22F350FHL Negro",$350.000,"excelente producto, sencillo pero potente, cumple con las especificaciones de la descripción en una medida justa",1,Por Brian Ortiz,2020-01-27,01-January,0
"Monitor Led Samsung 22"" S22F350FHL Negro",$350.000,La relación precio-calidad es muy buena,5,Por Daniel Vargas Gómez,2020-01-21,01-January,1
"Monitor Led Samsung 22"" S22F350FHL Negro",$350.000,"El producto cumple con lo prometido. Para el precio, la calidad es excelente.",5,Por Daniel Vargas Gómez,2019-12-18,12-December,1
"Monitor Led Samsung 22"" S22F350FHL Negro",$350.000,Súper bien,5,Por MATEO CHOCONTA,2019-03-12,03-March,1
"Monitor Led Samsung 22"" S22F350FHL Negro",$350.000,"exelente monitor, a muy buen precio, tiene muy buena resolución",5,Por Nicolas  Pico Sierra,2019-11-30,11-November,1
"Monitor Led Samsung 22"" S22F350FHL Negro",$350.000,"Muy buena calidad el monitor, tiempo de entrega acorde a lo indicado.",5,Por Jose Heredia,2019-11-17,11-November,1
"Monitor Led Samsung 22"" S22F350FHL Negro",$350.000,El producto llegó rápido y era lo que esperaba.,5,Por Victor Hugo Torres Manrique,2019-05-11,05-May,1
"Monitor Led Samsung 22"" S22F350FHL Negro",$350.000,Entrega rápida y el producto era lo que esperaba.,5,Por Victor Hugo Torres Manrique,2019-05-11,05-May,1
"Monitor Led Samsung 22"" S22F350FHL Negro",$350.000,llego el pedido en perfecto estado. lo acabo de instalar espero no siga funcionando perfectamente.,5,Por William Romero higuera,2019-10-30,10-October,1
"Monitor Led Samsung 22"" S22F350FHL Negro",$350.000,"Buen producto, lastima que no incluye cable hdmi",5,Por Ginna Rodriguez,2019-10-30,10-October,1
"Monitor Led Samsung 22"" S22F350FHL Negro",$350.000,entrega oportuna y real a lo que ofrecen,5,Por Ruben Fuentes Bermudez,2019-10-28,10-October,1
"Monitor Led Samsung 22"" S22F350FHL Negro",$350.000,"Aprovechando el cupón, pude comprar este item a un excelente precio.",5,Por Carlos Perez,2019-09-25,09-September,1
"Monitor Led Samsung 22"" S22F350FHL Negro",$350.000,Excelente,5,Por Andres Dario Benitez Castillo,2019-05-09,05-May,1
"Monitor Led Samsung 22"" S22F350FHL Negro",$350.000,"el monitor es muy bueno, y el envío fue excelente, lo compre un domingo y el lunes ya esta llegando a mi casa",5,Por JUAN CARLOS GOMEZ,2019-02-09,02-February,1
"Monitor Led Samsung 22"" S22F350FHL Negro",$350.000,"el producto es tal cual lo que muestran en las imagenes, la entrega fue puntual",5,Por Jorge Hurtado,2019-08-28,08-August,1
"Monitor Led Samsung 22"" S22F350FHL Negro",$350.000,"Muy buen producto, tal cual las especificaciones del anuncio. La empresa de correos se demoró un poco, pero todo muy bien. Gracias.",5,Por Yohan Ramirez Mejia,2019-07-24,07-July,1
"Monitor Led Samsung 22"" S22F350FHL Negro",$350.000,"Excelente producto, entrega muy puntual, 100% satisfecho",5,Por fredy mauricio hortua borbon,2019-10-01,10-October,1
Nueva Impresora Multifuncional Hp 315 Sistema Original,$509.800,excelente,5,Por Julio Moscoso Julio Moscoso,2020-02-09,02-February,1
Nueva Impresora Multifuncional Hp 315 Sistema Original,$509.800,excelente producto muy rapido la entrega,5,Por Juan Sierra Arrieta,2020-08-31,08-August,1
Nueva Impresora Multifuncional Hp 315 Sistema Original,$509.800,"me faltó más información, la impresora no tiene wifi y Bluetooth, de resto bien",5,Por Athom Lego Athom Lego,2020-03-08,03-March,1
Nueva Impresora Multifuncional Hp 315 Sistema Original,$509.800,"excelente producto, y muy económica.",5,Por Merlys Rodriguez Florez,2020-07-22,07-July,1
Nueva Impresora Multifuncional Hp 315 Sistema Original,$509.800,Tal como esperaba. Traía el cable y demás. El. Sistema de la tinta permite q no terminar con las manos hechas un desastre. Me gustó mucho gracias,5,Por Laura Daniela Carrasco Cifuentes Laura Daniela Carrasco Cifuentes,2020-01-07,01-January,1
Nueva Impresora Multifuncional Hp 315 Sistema Original,$509.800,me gustaría saber si todas las impresoras vienen con tinta incluida,5,Por Kaedu Morquin,2020-06-29,06-June,1
Nueva Impresora Multifuncional Hp 315 Sistema Original,$509.800,Muy fácil de instalar hace lo que promete,5,Por cristhian cortes,2020-06-27,06-June,1
Nueva Impresora Multifuncional Hp 315 Sistema Original,$509.800,Me llego en los tiempos acordados excelente calidad la recomiendo,5,Por jose francisco garzon rodriguez,2020-06-27,06-June,1
Nueva Impresora Multifuncional Hp 315 Sistema Original,$509.800,buena marca buen precio,5,Por Carlos Calderon,2020-06-25,06-June,1
Nueva Impresora Multifuncional Hp 315 Sistema Original,$509.800,cumplidos los recomiendo,5,Por Carlos Calderon,2020-06-25,06-June,1
Nueva Impresora Multifuncional Hp 315 Sistema Original,$509.800,Muy satisfecho,5,Por Alexander Rincon,2020-06-25,06-June,1
Nueva Impresora Multifuncional Hp 315 Sistema Original,$509.800,"Este servicio es el mejor, por todo, seguridad, precio, calidad de embalaje, tiempo de entrega y seguimiento del producto.",5,Por Alexander Rincon,2020-06-25,06-June,1
Nueva Impresora Multifuncional Hp 315 Sistema Original,$509.800,"Este servicio es el mejor, por todo, seguridad, precio, calidad de embalaje, tiempo de entrega y seguimiento del producto.",5,Por Alexander Rincon,2020-06-25,06-June,1
Nueva Impresora Multifuncional Hp 315 Sistema Original,$509.800,"Muy buen producto, excelente calidad de impresión",5,Por Hansel Atencia,2020-06-25,06-June,1
Nueva Impresora Multifuncional Hp 315 Sistema Original,$509.800,Muy buena gracias por la entrega a tiempo,5,Por Oscar Cuellar,2020-06-25,06-June,1
Nueva Impresora Multifuncional Hp 315 Sistema Original,$509.800,excelente producto,5,Por Andres Alvarado,2020-06-25,06-June,1
Nueva Impresora Multifuncional Hp 315 Sistema Original,$509.800,Es muy práctica y el tamaño es adecuado,5,Por ALONSO CHAPARRO AVILA,2020-06-20,06-June,1
Nueva Impresora Multifuncional Hp 315 Sistema Original,$509.800,"Recibí el producto sin contratiempos, mas rápido de lo esperado, adecuada para trabajo en el hogar.",4,Por ALONSO CHAPARRO AVILA,2020-06-20,06-June,1
Nueva Impresora Multifuncional Hp 315 Sistema Original,$509.800,Demasiado cumplido llegó antes de lo esperado,5,Por Andres Eduardo Sanchez Gonzalez,2020-06-19,06-June,1
Nueva Impresora Multifuncional Hp 315 Sistema Original,$509.800,"Muy bueno, es el producto que esperaba",5,Por luis sivira,2020-06-18,06-June,1
Nueva Impresora Multifuncional Hp 315 Sistema Original,$509.800,"Excelente producto, sofisticado modelo, y viene con el cable USB... Estamos felices con el producto. . .",4,Por Juan Carlos Lemos,2020-06-06,06-June,1
Nueva Impresora Multifuncional Hp 315 Sistema Original,$509.800,Cómo ya es costumbre en linio de sorprendernos antes del día llegan los productos muy buen servicio y llegó todo como se pidió seguiré comprando siempre,5,Por jader teheran vertel,2020-05-06,05-May,1
Nueva Impresora Multifuncional Hp 315 Sistema Original,$509.800,super buena,5,Por Jhon Freddy Padilla,2020-05-31,05-May,1
Nueva Impresora Multifuncional Hp 315 Sistema Original,$509.800,"Funciona, llego antes de lo previsto, viene con cable USB de 1 metro.",5,Por Diego Carrero,2020-05-22,05-May,1
Nueva Impresora Multifuncional Hp 315 Sistema Original,$509.800,excelente,5,Por Joaquín Giacometto,2020-05-21,05-May,1
Nueva Impresora Multifuncional Hp 315 Sistema Original,$509.800,Cumplió con lo que se ofrecía.,5,Por Nancy  Galarza ,2020-05-15,05-May,1
Nueva Impresora Multifuncional Hp 315 Sistema Original,$509.800,"No trae cable USB . por lo demás, excelente producto",5,Por marliqui Osorio marliqui Osorio,2020-05-14,05-May,1
Nueva Impresora Multifuncional Hp 315 Sistema Original,$509.800,llego muy bien...,5,Por OTILIO SUAREZ,2020-12-05,12-December,1
Nueva Impresora Multifuncional Hp 315 Sistema Original,$509.800,Llegó antes de lo previsto Gracias,5,Por Orlando Rojas Narvaez,2020-12-05,12-December,1
Nueva Impresora Multifuncional Hp 315 Sistema Original,$509.800,excelente precio y cumple con las características que ofrecieron,5,Por Dayan Pabon,2020-12-05,12-December,1
Nueva Impresora Multifuncional Hp 315 Sistema Original,$509.800,No venía el cable usb,4,Por Wilfredo Herrera,2020-08-05,08-August,1
Nueva Impresora Multifuncional Hp 315 Sistema Original,$509.800,"Se demoró 8 dias más la entrega pero fue responsabilidad de la empresa de envios, ya instale mi impresora y esta en oerfecto estado, gracias.",4,Por Tatiana Silva Tatiana Silva,2020-07-05,07-July,1
Nueva Impresora Multifuncional Hp 315 Sistema Original,$509.800,buena impresora,5,Por Servicios y Asesoramiento Médico Integral SAS Servicios y Asesoramiento Médico Integral SAS,2020-07-05,07-July,1
Nueva Impresora Multifuncional Hp 315 Sistema Original,$509.800,Muy buena calidad.,5,Reseñado,2020-07-05,07-July,1
Nueva Impresora Multifuncional Hp 315 Sistema Original,$509.800,Muy buena calidad,5,Por Angel Albeiro Vargas Yagama,2020-05-05,05-May,1
Nueva Impresora Multifuncional Hp 315 Sistema Original,$509.800,Lo malo es que ya no viene incluído el cable USB de impresora a PC,5,Por Diego Mahecha Leon,2020-05-03,05-May,1
Nueva Impresora Multifuncional Hp 315 Sistema Original,$509.800,muy cumplidos gracias,5,Por Magnolia Hernandez,2020-04-03,04-April,1
Nueva Impresora Multifuncional Hp 315 Sistema Original,$509.800,excelente producto.,4,Por Luis Maestre Peralta,2020-03-03,03-March,1
Nueva Impresora Multifuncional Hp 315 Sistema Original,$509.800,Muy mala calidad y problemas de impresión,5,Por Oscar Victoria,2020-03-03,03-March,1
Nueva Impresora Multifuncional Hp 315 Sistema Original,$509.800,se conecta muy facil,5,Por edna saavedra,2020-02-19,02-February,1
Nueva Impresora Multifuncional Hp 315 Sistema Original,$509.800,excelente servicio,5,Por Mario Eraso,2020-02-17,02-February,1
Nueva Impresora Multifuncional Hp 315 Sistema Original,$509.800,excelente,5,Por Mario Eraso,2020-02-17,02-February,1
Nueva Impresora Multifuncional Hp 315 Sistema Original,$509.800,muy buen producto,5,Por Rommel Chunga,2020-02-17,02-February,1
Nueva Impresora Multifuncional Hp 315 Sistema Original,$509.800,Excelente proveedor todo bien graciad,5,Por Orlando Vergara,2020-02-16,02-February,1
Nueva Impresora Multifuncional Hp 315 Sistema Original,$509.800,"Cumplió con las expectivas, funciona perfectamente.",5,Por Jhonatan Acevedo,2020-01-30,01-January,1
Nueva Impresora Multifuncional Hp 315 Sistema Original,$509.800,a los pocos días de uso presento fallas de impresión,5,Por Jose Luis Carrillo,2020-01-28,01-January,1
Nueva Impresora Multifuncional Hp 315 Sistema Original,$509.800,al mes de uso me presento fallas en la impresión,4,Por Jose Luis Carrillo,2020-01-28,01-January,1
Nueva Impresora Multifuncional Hp 315 Sistema Original,$509.800,red WiFi fi,5,Por Darlin Esteban Ramírez,2019-12-17,12-December,1
Nueva Impresora Multifuncional Hp 315 Sistema Original,$509.800,Muy buena compra,5,Por estefhania torres arrieta,2019-12-13,12-December,1
Nueva Impresora Multifuncional Hp 315 Sistema Original,$509.800,"buena velocidad y capacidad, además dispone  de cabezales de impresión extraíbles en caso de daño o bloqueo por tinta seca.
no son tan costosos de reemplazar como cabezales de otras marcas.",5,Por jeiner marquez,2019-11-19,11-November,1
Nueva Impresora Multifuncional Hp 315 Sistema Original,$509.800,Exelente,5,Por John Diaz,2019-11-19,11-November,1
Nueva Impresora Multifuncional Hp 315 Sistema Original,$509.800,Me gusta mucho.!!! Gracias,5,Por elibeth batista,2019-10-29,10-October,1
Nueva Impresora Multifuncional Hp 315 Sistema Original,$509.800,Execelente,5,Por Andres Camilo,2019-10-28,10-October,1
Nueva Impresora Multifuncional Hp 315 Sistema Original,$509.800,"muy buen producto, solo faltó el cable USB.",5,Por Estefania isaza toro,2019-10-20,10-October,1
Nueva Impresora Multifuncional Hp 315 Sistema Original,$509.800,Excelente práctica y rapida,4,Por Dany Salazar Yepes,2019-10-19,10-October,1
Nueva Impresora Multifuncional Hp 315 Sistema Original,$509.800,Excelente,4,Por walfi martinez walfi martinez,2019-10-18,10-October,1
Nueva Impresora Multifuncional Hp 315 Sistema Original,$509.800,Impresora de fácil configuración y de excelente precio.,5,Por Italo Arcieri Frend,2019-10-17,10-October,1
Nueva Impresora Multifuncional Hp 315 Sistema Original,$509.800,estoy muy contenta con la impresora hasta ahora funciona bien,5,Por Kathe Garces,2019-10-15,10-October,1
Nueva Impresora Multifuncional Hp 315 Sistema Original,$509.800,rápido,5,Por Hernan Alexander Osorio Cartagena Hernan Alexander Osorio Cartagena,2019-11-10,11-November,1
Nueva Impresora Multifuncional Hp 315 Sistema Original,$509.800,Excelente producto además me obsequiaron el cable USB el cual no viene con la impresora .,5,Por john ruiz,2019-10-10,10-October,1
Nueva Impresora Multifuncional Hp 315 Sistema Original,$509.800,Muy demorada la entrega pero buen producto,5,Por roiders ortiz,2019-09-10,09-September,1
Nueva Impresora Multifuncional Hp 315 Sistema Original,$509.800,"La impresora tenía cartuchos como cabezales no es tan económica, me parece una estafa. Me siento muy decepcionada. Quiero devolverla",5,Por DIANA MARGARITA PAJARO PARDO,2019-09-10,09-September,1
Nueva Impresora Multifuncional Hp 315 Sistema Original,$509.800,su calidad es exelente,5,Por Luis David Calvache Mena,2019-09-30,09-September,1
Nueva Impresora Multifuncional Hp 315 Sistema Original,$509.800,excelente,5,Por Andrea Paola Gonzalez Carvajal,2019-09-21,09-September,1
Nueva Impresora Multifuncional Hp 315 Sistema Original,$509.800,"muy buena impresora, llegó rápido y el precio fue económico. la probé en todas las funciones y muy buena. imprimí unas fotos y es de muy buena calidad. la recomiendo.",5,Por Juan Herrera,2019-09-19,09-September,1
Nueva Impresora Multifuncional Hp 315 Sistema Original,$509.800,muy linda..pero llego sin un cable q necesitaba,5,Por Gianni Garzon,2019-09-17,09-September,1
Nueva Impresora Multifuncional Hp 315 Sistema Original,$509.800,Excelente falto que fuera inalambrica o,5,Por Edinson Ariza,2019-09-14,09-September,1
Nueva Impresora Multifuncional Hp 315 Sistema Original,$509.800,Bueno,4,Por Mayra León andrade,2019-12-09,12-December,1
Nueva Impresora Multifuncional Hp 315 Sistema Original,$509.800,todo completo él equipo,5,Por jesus pereira batalla,2019-07-09,07-July,1
Nueva Impresora Multifuncional Hp 315 Sistema Original,$509.800,"Excelente Impresora, muy fácil de instalar muy versátil y tarde menos de lo que espere",4,Por randy guerrero,2019-03-09,03-March,1
Nueva Impresora Multifuncional Hp 315 Sistema Original,$509.800,bien,5,Por Maiker Rafael Martinez Ortiz,2019-08-31,08-August,1
Nueva Impresora Multifuncional Hp 315 Sistema Original,$509.800,el vendedor fue muy puntual,5,Por klende villa,2019-08-27,08-August,1
Nueva Impresora Multifuncional Hp 315 Sistema Original,$509.800,si esta bien,5,Por Elena Patricia Artunduaga Muñoz,2019-08-27,08-August,1
Nueva Impresora Multifuncional Hp 315 Sistema Original,$509.800,"buen producto, me gusta por que da la opcion de pagar al recibir el produco",5,Por Maicol David Pineda Teheran,2019-08-27,08-August,1
Nueva Impresora Multifuncional Hp 315 Sistema Original,$509.800,"excelente, puntualidad, precio y seriedad",5,Por WILSON RONDON WILSON RONDON,2019-08-27,08-August,1
Nueva Impresora Multifuncional Hp 315 Sistema Original,$509.800,La impresora muy bien en cuanto precio y calidad hasta ahora todo va bien.,5,Por JORGE GUERRERO,2019-08-26,08-August,1
Nueva Impresora Multifuncional Hp 315 Sistema Original,$509.800,Completo,5,Por Luis Fuquen,2019-08-25,08-August,1
Nueva Impresora Multifuncional Hp 315 Sistema Original,$509.800,faltaba el cable USB,5,Por Juan Carlos Diaz Cienfuegos,2019-08-22,08-August,1
Nueva Impresora Multifuncional Hp 315 Sistema Original,$509.800,¡Excelente! Recomendada.,4,Por Ladydy Gallego,2019-08-21,08-August,1
Nueva Impresora Multifuncional Hp 315 Sistema Original,$509.800,muy buen producto,4,Por CLAUDIA  RAQUEL GONZALEZ PABON,2019-08-18,08-August,1
Nueva Impresora Multifuncional Hp 315 Sistema Original,$509.800,5,5,Por GERARDO ALFONSO GALEANO TRIVIÑO,2019-08-16,08-August,1
Nueva Impresora Multifuncional Hp 315 Sistema Original,$509.800,Exelente  servicio,5,Por fabio andres Muñoz Rivas,2019-08-13,08-August,1
Nueva Impresora Multifuncional Hp 315 Sistema Original,$509.800,me.interesa,5,Por Jhon edisson Forigua rincon,2019-11-08,11-November,1
Nueva Impresora Multifuncional Hp 315 Sistema Original,$509.800,Todo muy ágil y sin complicaciones,5,Por Alberto Lora Valencia,2019-09-08,09-September,1
Nueva Impresora Multifuncional Hp 315 Sistema Original,$509.800,Entrega antes de tiempo. Todo muy bien.,5,Por Johana Milena Pérez,2019-06-08,06-June,1
Nueva Impresora Multifuncional Hp 315 Sistema Original,$509.800,muy buena compra,5,Por juan londoño ramirez,2019-02-08,02-February,1
Nueva Impresora Multifuncional Hp 315 Sistema Original,$509.800,Llego a tienpo,5,Por Vanessa Villegas,2019-07-31,07-July,1
Nueva Impresora Multifuncional Hp 315 Sistema Original,$509.800,"muy buen producto, entrega súper rápida, en buen estado y excelente impresora!! le doy mi aprobado",5,Por Roberto Catoni Betancourt,2019-07-27,07-July,1
Nueva Impresora Multifuncional Hp 315 Sistema Original,$509.800,"Un buen producto, buena calidad, buen distribuidor!! Me encanto",5,Por Roberto Catoni Betancourt,2019-07-26,07-July,1
Nueva Impresora Multifuncional Hp 315 Sistema Original,$509.800,Es una impresora con funciones muy completas llegó antes del tiempo indicado lo cual es muy bueno no calificó con 5 estrellas porque no traía el cable USB que en la publicación dice contener,5,Por Maria Sara Franco,2019-07-23,07-July,1
Nueva Impresora Multifuncional Hp 315 Sistema Original,$509.800,"Llegó mas rapido de lo esperado y en perfecto estado, no trae cable USB (de fabrica ya viene sin el)",4,Por Israel Lozano Arboleda,2019-07-23,07-July,1
Nueva Impresora Multifuncional Hp 315 Sistema Original,$509.800,Lo que necesitaba para mí familia.,4,Por JESUS ANTONIO BOCANEGRA PADILLA,2019-07-22,07-July,1
Nueva Impresora Multifuncional Hp 315 Sistema Original,$509.800,Excelente,5,Por leonardo Devia,2019-12-07,12-December,1
Nueva Impresora Multifuncional Hp 315 Sistema Original,$509.800,Si recomiendo el producto muy bueno,4,Por Katty Villa,2019-09-07,09-September,1
Nueva Impresora Multifuncional Hp 315 Sistema Original,$509.800,"Buen servicio, excelente producto, bien embalado, llego en el tiempo especificado, la impresora funciona muy bien",5,Por Antonio Gomez,2019-06-24,06-June,1
Nueva Impresora Multifuncional Hp 315 Sistema Original,$509.800,.,5,Por william alvarez hernandez,2019-05-04,05-May,1
Nueva Impresora Multifuncional Hp 315 Sistema Original,$509.800,en la descripción  del producto dice que el contenido de la caja trae el cable usb pero esta  caja  llego  sin el cable.,5,Por GENER PINTO CARDENAS,2019-03-29,03-March,1
Nueva Impresora Multifuncional Hp 315 Sistema Original,$509.800,Sin cable usb,5,Por GENER PINTO CARDENAS,2019-03-28,03-March,1
Nueva Impresora Multifuncional Hp 315 Sistema Original,$509.800,La atención de linio excelente pero el proveedor muy malo,1,Por Jose ignacio Lujan garcia,2019-03-27,03-March,0
"Portátil Compumax Onix180S - Intel Corei7 8565U/8GB/SSD 512GB M.2 /14""",$1.999.000,"Recién recibido, parece que todo está de acuerdo con lo esperado. Muy buen diseño",1,Por Ronald  Vargas,2020-09-09,09-September,0
"Portátil Compumax Onix180S - Intel Corei7 8565U/8GB/SSD 512GB M.2 /14""",$1.999.000,"EXCELENTE PRODUCTO, ENSAMBLADO EN COLOMBIA CON LOS MEJORES COMPONENTES Y LO MEJOR.. A MUY BUEN PRECIO.. APOYEMOS EL TRABAJO COLOMBIANO..!!!",5,Por Lex Grisales López,2020-08-23,08-August,1
"Portátil Compumax Onix180S - Intel Corei7 8565U/8GB/SSD 512GB M.2 /14""",$1.999.000,Me llego pero no e podido ingresar al computador no llego la clave de acceso,1,Por JIMMY OJEDA RAMIREZ,2020-08-22,08-August,0
"Portátil Compumax Onix180S - Intel Corei7 8565U/8GB/SSD 512GB M.2 /14""",$1.999.000,"Me llego el pc a tiempo, y exelente funcionamiento del equipo, cálida.",5,Por ferney bedoya,2020-08-16,08-August,1
"Portátil Compumax Onix180S - Intel Corei7 8565U/8GB/SSD 512GB M.2 /14""",$1.999.000,"el computador no es pesado, tiene excelentes acabados, muy rápido, gracias a su procesador, no presenta fallos y es muy fluido, a pesar de no ser una marca reconocida es una maquina muy buena y economica",5,Por santiago lopez santiago lopez,2020-10-08,10-October,1
"Portátil Compumax Onix180S - Intel Corei7 8565U/8GB/SSD 512GB M.2 /14""",$1.999.000,"Es un buen equipo, delgado, liviano y cuenta con un  procesador excelente, buena memoria y ssd.",4,Por Eider Barreto,2020-03-08,03-March,1
"Portátil Compumax Onix180S - Intel Corei7 8565U/8GB/SSD 512GB M.2 /14""",$1.999.000,Bien,4,Por Alexánder González Salazar Alexánder González Salazar,2020-01-08,01-January,1
"Portátil Compumax Onix180S - Intel Corei7 8565U/8GB/SSD 512GB M.2 /14""",$1.999.000,Impecable,4,Por mauricio monsalve mauricio monsalve,2020-07-31,07-July,1
"Portátil Chuwi HeroBook Pro, Intel Celeron N4000, Win10, 8GB, SSD 256GB de 14.1""",$1.179.000,Excelente producto!,5,Por Christian Tellez,2020-08-28,08-August,1
Original Xiaomi Wifi Amplifier Pro Repetidor Wifi Negro,$51.880,Las instrucciones vienen en chino :( x lo demás funcionó perfectamente.,5,Por Johan Grueso Barón,2020-09-13,09-September,1
Original Xiaomi Wifi Amplifier Pro Repetidor Wifi Negro,$51.880,El producto llegó bien como la foto,2,Por Tatiana Martinez,2020-12-09,12-December,0
Original Xiaomi Wifi Amplifier Pro Repetidor Wifi Negro,$51.880,lastima que el instructivo venga en chino,5,Por Jesús Andrés Montañez Buitrago,2020-08-25,08-August,1
Original Xiaomi Wifi Amplifier Pro Repetidor Wifi Negro,$51.880,"Instrucciones en mandarín, rapidez en la entrega",5,Por Jimmy Andres Bello Monroy,2020-08-25,08-August,1
Original Xiaomi Wifi Amplifier Pro Repetidor Wifi Negro,$51.880,funciona muy bien,5,Por Victor Camargo,2020-07-28,07-July,1
Original Xiaomi Wifi Amplifier Pro Repetidor Wifi Negro,$51.880,Mejoro la señal en algunos sitios de la casa donde no se recibirá la señal wifi,5,Por adolfo vega gomez,2020-05-07,05-May,1
Original Xiaomi Wifi Amplifier Pro Repetidor Wifi Negro,$51.880,"Llegó en perfectas condiciones, excelente producto!! De las mejores compras que se puede hacer.",5,Por Manuel Pineda Ortiz,2020-02-07,02-February,1
Original Xiaomi Wifi Amplifier Pro Repetidor Wifi Negro,$51.880,llego mucho antes del tiempo lo que se esperaba,5,Por Oscar Barrios,2020-06-26,06-June,1
Original Xiaomi Wifi Amplifier Pro Repetidor Wifi Negro,$51.880,Hasta el momento funciona muy bien,5,Por Jose Luis Canchila,2020-06-16,06-June,1
Original Xiaomi Wifi Amplifier Pro Repetidor Wifi Negro,$51.880,genial para el wifi,5,Por Santiago Sanchez,2020-06-06,06-June,1
Teclado Gamer Nova VSG,$99.900,"El teclado es bonito y las teclas son super suaves, lo único es que es más grande de lo que pensé pero eso no me molesta se ve más genial",5,Por Wilmer Mendoza,2020-01-09,01-January,1
Teclado Gamer Nova VSG,$99.900,Me encantó,5,Por Jose Anaya,2020-08-22,08-August,1
Teclado Gamer Nova VSG,$99.900,"perfecto, llego tal cual y muy rapido",5,Por Bryan Mora,2020-08-19,08-August,1
Teclado Gamer Nova VSG,$99.900,"calidad, rapidez y a muy buen precioooo",5,Por jose manuel valencia,2020-08-18,08-August,1
Teclado Gamer Nova VSG,$99.900,"excelente producto, llegó a tiempo y sin problema",5,Por Jose Restrepo,2020-12-08,12-December,1
Teclado Gamer Nova VSG,$99.900,buen producto llegó rápido y muy buena calidad,5,Por The Wolf The Wolf,2020-07-17,07-July,1
Teclado Gamer Nova VSG,$99.900,"llegó rápido, en muy buena calidad",5,Por Santy Valderrama Santy Valderrama,2020-07-16,07-July,1
Teclado Gamer Nova VSG,$99.900,está bueno,5,Por yairaviles06@gmail.com yairaviles06@gmail.com,2020-09-07,09-September,1
Teclado Gamer Nova VSG,$99.900,"el teclado me llego bien, el día acordado y en casi perfecto estado, el único fallo que le veo es que la tecla espaciadora suena horrible, es como un chillido muy incomodo y molesto, por otra parte todo el teclado esta bien, y creo que en general llega a ser un buen producto con un único fallo, supongo solo fue mi und ya que no veo otro comentario dando a entender el problema",5,Por DAVID GONZALEZ,2020-06-25,06-June,1
Camara Web Para Pc Full Hd 1080p V 2.0 Chat Similar Log C920,$149.900,"llegó usado, rayado en mal estado, no parece que fuera un artículo nuevo.",4,Por Albeiro Mengual,2020-08-22,08-August,1
Camara Web Para Pc Full Hd 1080p V 2.0 Chat Similar Log C920,$149.900,"Me encantó todo.. llegó rapidisimo, hubo seguimiento de mi compra, llegó el producto tal y como lo Seleccioné en la plataforma, y el servicio de pago contraentrega me dio confianza.  Definitivamente recomiendo Linio",5,Por Fanny Gelves caballero,2020-08-21,08-August,1
Camara Web Para Pc Full Hd 1080p V 2.0 Chat Similar Log C920,$149.900,"es buen producto, lastimosamente el pedido se retrasó bastante",1,Por Fabio Posada Fabio Posada,2020-08-15,08-August,0
Camara Web Para Pc Full Hd 1080p V 2.0 Chat Similar Log C920,$149.900,"Excelente producto, muy buena resolución y facil de manejar.",5,Por Maria gomez,2020-08-14,08-August,1
Camara Web Para Pc Full Hd 1080p V 2.0 Chat Similar Log C920,$149.900,el producto no es nuevo. llegó rallado sin la apariencia de un artículo nuevo.,5,Por Albeiro Mengual,2020-12-08,12-December,1
Camara Web Para Pc Full Hd 1080p V 2.0 Chat Similar Log C920,$149.900,"Excelente, muy contenta con el producto súper muchas gracias un poco de retraso pero valió la pena la espera",5,Por Alba Meza,2020-11-08,11-November,1
Camara Web Para Pc Full Hd 1080p V 2.0 Chat Similar Log C920,$149.900,Me gusto,1,Por YORGUI ALMERY OSORIO TARAZONA,2020-07-08,07-July,0
Camara Web Para Pc Full Hd 1080p V 2.0 Chat Similar Log C920,$149.900,producto recomendado. la relación precio calidad es la esperada. lo recomiendo,5,Por Adrian Vargas,2020-01-08,01-January,1
Camara Web Para Pc Full Hd 1080p V 2.0 Chat Similar Log C920,$149.900,"Esta ok, sin pretensiones. Se nota que es económica y genérica desde el empaque, pero hace su trabajo.",5,Por German Arias,2020-07-29,07-July,1
Camara Web Para Pc Full Hd 1080p V 2.0 Chat Similar Log C920,$149.900,la instalación requerida de un programa que había que descargar de internet,4,Por Dielmer Fernando Giraldo Rendon,2020-07-29,07-July,1
Camara Web Para Pc Full Hd 1080p V 2.0 Chat Similar Log C920,$149.900,"Recomendado, buena resolución buena calidad",4,Por Harol Andrade,2020-09-07,09-September,1
"Tp-link, Router Wifi De Banda Dual Ac750, Archer C20",$117.990,llegó super rápido y es muy bueno,5,Por Maria Elena,2020-08-09,08-August,1
"Tp-link, Router Wifi De Banda Dual Ac750, Archer C20",$117.990,Todo ok,5,Por marco ordoñez ordoñez,2020-01-09,01-January,1
"Tp-link, Router Wifi De Banda Dual Ac750, Archer C20",$117.990,excelente producto,5,Por Jonatthan Castillo,2020-08-26,08-August,1
"Tp-link, Router Wifi De Banda Dual Ac750, Archer C20",$117.990,El producto llegó en buenas condiciones y en los tiempos establecidos,5,Por Nilton Castro,2020-08-22,08-August,1
"Tp-link, Router Wifi De Banda Dual Ac750, Archer C20",$117.990,Equipo en excelente condiciones . Probado y con excelentes resultados,5,Por Miguel Salazar,2020-08-20,08-August,1
"Tp-link, Router Wifi De Banda Dual Ac750, Archer C20",$117.990,"No es tan fácil de instalar. Inicialmente me generó interferencia en toda la red de la casa, pero después de un buen tiempo lo pude solucionar.",5,Por Juan M Galindo,2020-11-08,11-November,1
"Tp-link, Router Wifi De Banda Dual Ac750, Archer C20",$117.990,excelente servicio y rapidez en la entrega,4,Por juan carlos macias romero juan carlos macias romero,2020-11-08,11-November,1
"Tp-link, Router Wifi De Banda Dual Ac750, Archer C20",$117.990,"Me ha encantado,  buen producto,  mejora el internet,  rapidez y calidad en el envío y condiciones.",5,Por valentina valentina,2020-05-08,05-May,1
"Tp-link, Router Wifi De Banda Dual Ac750, Archer C20",$117.990,Excelente producto cumplió con mis expectativas.,5,Por Carlos Florez toro,2020-07-31,07-July,1
"Tp-link, Router Wifi De Banda Dual Ac750, Archer C20",$117.990,"Hay que aclarar que la versión es  c20w, y no c20 a secas, puesto que esta no permite manejarse con la app de Tp link pero tiene funciones adicionales",5,Por Dani Datope,2020-07-31,07-July,1
"Tp-link, Router Wifi De Banda Dual Ac750, Archer C20",$117.990,excelente producto,5,Por Ivan Dario Martìnez,2020-07-30,07-July,1
"Tp-link, Router Wifi De Banda Dual Ac750, Archer C20",$117.990,"Nunca lo entregaron que por falta de inventario supuestamente, avisaron hasta el dia limite de la fecha de entrega, y paso un dia y esta tienda korolos lo publico de nuevo mas caro, asi que nunca fue por falta de inventario",5,Por liliana arevalo,2020-07-22,07-July,1
"Tp-link, Router Wifi De Banda Dual Ac750, Archer C20",$117.990,"Funciona perfecto. no tiene lag para juegos. además funciona como Repetidor extensor WI-FI, Acces Point y su funcionamiento Normal como Router WIFI, el envío demoro un día en Bogotá. bien empacado.",5,Por Andrès Jimenez,2020-07-17,07-July,1
"Tp-link, Router Wifi De Banda Dual Ac750, Archer C20",$117.990,"Llegó a tiempo, ofrece buenas herramientas para administrar la red hogar. Uso recomendado para apartamentos",1,Por David Cortés,2020-12-07,12-December,0
"Tp-link, Router Wifi De Banda Dual Ac750, Archer C20",$117.990,Excelente producto.  Cumple la expectativa de mejorar la calidad de la señal,5,Por Sandra Diaz,2020-06-24,06-June,1
"Tp-link, Router Wifi De Banda Dual Ac750, Archer C20",$117.990,"No lo he abierto pero llegó todo súper bien, muy bien empacado y en la fecha estipulada",5,Por Sergio Castaño Garcia,2020-06-19,06-June,1
"Tp-link, Router Wifi De Banda Dual Ac750, Archer C20",$117.990,"excelente producto, buena calidad, configuración rápida. Llegó en buen estado el producto",5,Por Juan Mangones,2020-06-18,06-June,1
"Tp-link, Router Wifi De Banda Dual Ac750, Archer C20",$117.990,Excelente,5,Por Alfredo Nivia Bohorquez,2020-06-18,06-June,1
"Tp-link, Router Wifi De Banda Dual Ac750, Archer C20",$117.990,excelente peoducto,5,Por RODRIGO GARZON LATORRE,2020-06-15,06-June,1
"Tp-link, Router Wifi De Banda Dual Ac750, Archer C20",$117.990,excelente la entrega antes de lo previsto,5,Por Julio Alberto Pinzon,2020-11-06,11-November,1
"Tp-link, Router Wifi De Banda Dual Ac750, Archer C20",$117.990,excelente equipo,5,Por Julio Alberto Pinzon,2020-07-06,07-July,1
"Tp-link, Router Wifi De Banda Dual Ac750, Archer C20",$117.990,Buen producto,5,Por henry orlando gomez acvury,2020-06-06,06-June,1
"Tp-link, Router Wifi De Banda Dual Ac750, Archer C20",$117.990,buen producto entrega fue rapida mejora el internet,5,Por jorge enrique rivera pardo,2020-03-06,03-March,1
"Tp-link, Router Wifi De Banda Dual Ac750, Archer C20",$117.990,Bien producto a bien precio,5,Por Juan Carlos Loaiza Quintero,2020-05-28,05-May,1
"Tp-link, Router Wifi De Banda Dual Ac750, Archer C20",$117.990,Funciona excelente y llegó antes de lo previsto.,5,Por Victor Contreras,2020-05-23,05-May,1
"Tp-link, Router Wifi De Banda Dual Ac750, Archer C20",$117.990,Apenas llevo ensayando lo unos días...y hasta el momento funciona perfectamente...muchas gracias...El envío fue rápido ..muy satisfecho con la compra....,5,Por Ruben Lopez,2020-05-21,05-May,1
"Tp-link, Router Wifi De Banda Dual Ac750, Archer C20",$117.990,Llegó rápido y ha funcionado muy bien.,5,Por Victor Contreras,2020-05-20,05-May,1
"Tp-link, Router Wifi De Banda Dual Ac750, Archer C20",$117.990,"me gustó el producto, se debe utilizar en el primer modo para ver su máximo potencial",5,Por Cristian Camilo Castro Espejo,2020-05-14,05-May,1
"Tp-link, Router Wifi De Banda Dual Ac750, Archer C20",$117.990,"excelente, rápido y el servicio fue muy bueno",5,Por Johan Colorado,2020-09-05,09-September,1
"Tp-link, Router Wifi De Banda Dual Ac750, Archer C20",$117.990,Exelente dispositivo la señal al 100 no tiene pérdida en una Distancia inalambrica de 4etros metros en habitación cerrada donde un router tplink 940n tenía bastante perdida,5,Por John jairo Feria acosta,2020-04-29,04-April,1
"Tp-link, Router Wifi De Banda Dual Ac750, Archer C20",$117.990,buen producto! hasta el momento muy satisfecho,5,Por Cristian Camilo Castro Espejo,2020-04-29,04-April,1
"Tp-link, Router Wifi De Banda Dual Ac750, Archer C20",$117.990,Excelente producto,5,Por Julio de Hoyos,2020-04-23,04-April,1
Disco Duro Externo 2tb Toshiba Original 3.0 Canvio Basic Usb,$310.000,Buen producto. Entrega rápida,5,Por Luis Mancera Paramo,2020-07-07,07-July,1
Disco Duro Externo 2tb Toshiba Original 3.0 Canvio Basic Usb,$310.000,Rápido buen producto,5,Por Cyrus de Jesus Mendoza Torres,2020-06-07,06-June,1
Disco Duro Externo Toshiba Canvio® 1TB Usb 3.0+EstucheGratis,$239.900,"El producto excelente aunque se demoró un poco por problemas de logística en el envío, pero llegó lo esperado",5,Por FERNÁN ENRIQUE GOMEZ SANCHEZ,2020-08-26,08-August,1
Disco Duro Externo Toshiba Canvio® 1TB Usb 3.0+EstucheGratis,$239.900,excelente calidad y precio,2,Por Joan Villamarin,2020-08-25,08-August,0
Disco Duro Externo Toshiba Canvio® 1TB Usb 3.0+EstucheGratis,$239.900,"La compra llega incompleta, no llego el estuche",5,Por Milena Castillo,2020-08-15,08-August,1
Disco Duro Externo Toshiba Canvio® 1TB Usb 3.0+EstucheGratis,$239.900,el disco llegó bien pero no tenia el estuche :-(,5,Por Julián Arias,2020-09-08,09-September,1
Disco Duro Externo Toshiba Canvio® 1TB Usb 3.0+EstucheGratis,$239.900,Muy puntuales,5,Por Elkin Dario Ramos,2020-02-08,02-February,1
Disco Duro Externo Toshiba Canvio® 1TB Usb 3.0+EstucheGratis,$239.900,Buen producto.,5,Por Leonardo Estupiñan Muñoz,2020-07-30,07-July,1
Disco Duro Externo Toshiba Canvio® 1TB Usb 3.0+EstucheGratis,$239.900,Todo ok,5,Por Diego Gonzalez,2020-07-23,07-July,1
Disco Duro Externo Toshiba Canvio® 1TB Usb 3.0+EstucheGratis,$239.900,"El forro no es el mismo que aparece en el publicidad, pero cumple con su función.",4,Por Diego Gonzalez,2020-07-23,07-July,1
Disco Duro Externo Toshiba Canvio® 1TB Usb 3.0+EstucheGratis,$239.900,"todo muy bien, sin problema.",5,Por Alexander castaño Alexander castaño,2020-07-19,07-July,1
Disco Duro Externo Toshiba Canvio® 1TB Usb 3.0+EstucheGratis,$239.900,"Todo muy bien, completo y en perfecto estado, el estuche muy cómodo",5,Por Cristian Muñoz Upegui,2020-11-02,11-November,1
Disco Duro Externo Toshiba Canvio® 1TB Usb 3.0+EstucheGratis,$239.900,No me llego el estuche !!,5,Por Victor Alexander Correa Agraces,2019-09-12,09-September,1
Disco Duro Externo Toshiba Canvio® 1TB Usb 3.0+EstucheGratis,$239.900,Excelente vendedor. Cumple con lo que oferta.!!!,5,Por Carlos Arlet Gómez Barrios,2019-10-29,10-October,1
Disco Duro Externo Toshiba Canvio® 1TB Usb 3.0+EstucheGratis,$239.900,tiempo de entrega es muy bueno para su valor es un muy buen producto entregan lo realmente ofertado,5,Por Oscar Ildolfo Pulgarin Montoya,2019-08-20,08-August,1
Disco Duro Externo Toshiba Canvio® 1TB Usb 3.0+EstucheGratis,$239.900,Excelente,5,Por Gustavo Franco Atehortua,2019-08-20,08-August,1
Disco Duro Externo Toshiba Canvio® 1TB Usb 3.0+EstucheGratis,$239.900,excelente!!,5,Por daniel jair chacon balcazar,2019-07-31,07-July,1
Disco Duro Externo Toshiba Canvio® 1TB Usb 3.0+EstucheGratis,$239.900,buen producto y entrega rapida,5,Por Jonathan Madroñero Aguilar,2019-07-26,07-July,1
Disco Duro Externo Toshiba Canvio® 1TB Usb 3.0+EstucheGratis,$239.900,"El pedido llegó fuera del tiempo establecido. Además, el pedido llegó incompleto debido a que faltaba el estuche.",5,Por Jorge Mario Zuluaga García,2019-09-07,09-September,1
Disco Duro Externo Toshiba Canvio® 1TB Usb 3.0+EstucheGratis,$239.900,"Producto original, llego antes de lo esperado.",5,Por carlos hernandez carlos hernandez,2019-01-20,01-January,1
Disco Duro Externo Toshiba Canvio® 1TB Usb 3.0+EstucheGratis,$239.900,"Muy bien empacado, producto de calidad. Lo único que no me gusto es que el forro es diferente al de la foto, deberían poner el que es.",2,Por Daniel Unigarro,2018-06-12,06-June,0
Disco Duro Externo Toshiba Canvio® 1TB Usb 3.0+EstucheGratis,$239.900,todo salió bien,5,Por Hector Araujo,2018-04-12,04-April,1
Disco Duro Externo Toshiba Canvio® 1TB Usb 3.0+EstucheGratis,$239.900,Excelente servicio,4,Por Jorge Piñeros,2018-11-28,11-November,1
Disco Duro Externo Toshiba Canvio® 1TB Usb 3.0+EstucheGratis,$239.900,Excelente,5,Por IVAN OBANDO LOBO,2018-11-14,11-November,1
Disco Duro Externo Toshiba Canvio® 1TB Usb 3.0+EstucheGratis,$239.900,excelente gracias por la rapidez,5,Por arcel de jesus bado lambraño,2018-11-11,11-November,1
Disco Duro Externo Toshiba Canvio® 1TB Usb 3.0+EstucheGratis,$239.900,"Excelente producto, todo justo lo indicado",5,Por Cristian Restrepo,2018-09-11,09-September,1
Disco Duro Externo Toshiba Canvio® 1TB Usb 3.0+EstucheGratis,$239.900,Bien,5,Por LUIS EDUER VALENZUELA HOYOS,2018-07-24,07-July,1
Disco Duro Externo Toshiba Canvio® 1TB Usb 3.0+EstucheGratis,$239.900,Todo rápido y Perfecto. Recomendados,5,Por Jose Revelo Duran,2018-07-23,07-July,1
Disco Duro Externo Toshiba Canvio® 1TB Usb 3.0+EstucheGratis,$239.900,Llegó fecha indicada,5,Por NIXON GUILLERMO DURAN SIACHOQUE,2018-04-07,04-April,1
Disco Duro Externo Toshiba Canvio® 1TB Usb 3.0+EstucheGratis,$239.900,Bueno,5,Por RICARDO GOMEZ ARCINIEGAS,2018-06-29,06-June,1
Disco Duro Externo Toshiba Canvio® 1TB Usb 3.0+EstucheGratis,$239.900,"Excelente, es el segundo q compro",5,Por Diana Sandoval,2018-05-18,05-May,1
Disco Duro Externo Toshiba Canvio® 1TB Usb 3.0+EstucheGratis,$239.900,Entrega rápida y el producto es de alta calidad sumado al estuche q le da seguridad y portabilidad,5,Por Edwin Santamaria,2018-04-17,04-April,1
Disco Duro Externo Toshiba Canvio® 1TB Usb 3.0+EstucheGratis,$239.900,"El producto llego muy rápido, bien protegido, y es lo que esperaba",5,Por Yazmin Velasco Pardo,2017-12-29,12-December,1
Disco Duro Externo Toshiba Canvio® 1TB Usb 3.0+EstucheGratis,$239.900,excelente producto,5,Por Leonardo Puello Bonfante,2017-11-27,11-November,1
Disco Duro Externo Toshiba Canvio® 1TB Usb 3.0+EstucheGratis,$239.900,excelente producto,5,Por Leonardo Puello Bonfante,2017-11-27,11-November,1
Disco Duro Externo Toshiba Canvio® 1TB Usb 3.0+EstucheGratis,$239.900,Excelente producto!! llegó en el tiempo estimado y sin ningún inconveniente.,5,Por Juan Camilo D,2017-11-22,11-November,1
Disco Duro Externo Toshiba Canvio® 1TB Usb 3.0+EstucheGratis,$239.900,100% recomendado!! Muy puntuales en la entrega y muy buena la calidad del producto!!,5,Por Juan Camilo D,2017-11-22,11-November,1
Disco Duro Externo Toshiba Canvio® 1TB Usb 3.0+EstucheGratis,$239.900,Era lo que esperaba y totalmente original. Llegó al siguiente día. Super recomendado.,5,Por Fabio Calderón Mateus,2017-11-21,11-November,1
Disco Duro Externo Toshiba Canvio® 1TB Usb 3.0+EstucheGratis,$239.900,Lo recomiendo 100 por ciento,5,Por rodolfo betancur,2017-10-27,10-October,1
Disco Duro Externo Toshiba Canvio® 1TB Usb 3.0+EstucheGratis,$239.900,"El producto en si es muy recomendado, es mas liviano y pequeño que los anteriores discos de la misma marca, el estuche es muy elegante y practico y protege muy bien el producto. La entrega fue a tiempo y llego en perfecto estado.",5,Por Diego Arango,2017-10-21,10-October,1
Disco Duro Externo Toshiba Canvio® 1TB Usb 3.0+EstucheGratis,$239.900,El disco duro me llego totalmente protejido y muy rapido,5,Por Elvia yanet Ramirez Sanchez,2017-10-10,10-October,1
Disco Duro Externo Toshiba Canvio® 1TB Usb 3.0+EstucheGratis,$239.900,"Excelente, facil uso.",5,Por Neve Velandia,2017-07-10,07-July,1
Disco Duro Externo Toshiba Canvio® 1TB Usb 3.0+EstucheGratis,$239.900,excelente precio y calidad,5,Por Camilo Trujillo,2017-03-10,03-March,1
Disco Duro Externo Toshiba Canvio® 1TB Usb 3.0+EstucheGratis,$239.900,Cumplieron con la entrega y hasta el momento está funcionando correctamente. Recomiendo al proveedor.,5,Por Doris Janneth Ramirez Contreras,2017-09-08,09-September,1
Disco Duro Externo Toshiba Canvio® 1TB Usb 3.0+EstucheGratis,$239.900,"Excelente, llego la caja averiada pero fue en la transportadora, el resto excelente!!",5,Por jonnathan salazar,2017-10-07,10-October,1
Disco Duro Externo Toshiba Canvio® 1TB Usb 3.0+EstucheGratis,$239.900,buen producto.... justo a tiempo....,4,Por Yakeline Quiroga,2017-10-07,10-October,1
Disco Duro Externo Toshiba Canvio® 1TB Usb 3.0+EstucheGratis,$239.900,hasta el momento ha funcionado bien. No me gustó fue que no cumplieron con el tiempo correcto de entrega lo aplazaron dos veces.,5,Por daniel jose mena mayorga,2017-09-06,09-September,1
Disco Duro Externo Toshiba Canvio® 1TB Usb 3.0+EstucheGratis,$239.900,"Puntualidad en la entrega y aunque el precio real que muestran es muy diferente al cotizado en TOSHIBA y la promoción no se nota de 64% como en el anuncio, sigue siendo buen precio",4,Reseñado,2017-09-06,09-September,1
Disco Duro Externo Toshiba Canvio® 1TB Usb 3.0+EstucheGratis,$239.900,Llego lo que ofrecieron  buen precio,4,Por Jose Humberto Uribe Nieto,2017-09-06,09-September,1
Disco Duro Externo Toshiba Canvio® 1TB Usb 3.0+EstucheGratis,$239.900,"Excelente precio fue el más bajo que conseguí y el estuche es de muy buena calidad!! el paquete llegó un poco maltratado pero el disco duro viene envuelto muy bien, total que no pasa nada.  Muchas gracias",5,Por Juan Pablo Valencia Quivano,2017-05-17,05-May,1
Disco Duro Externo Toshiba Canvio® 1TB Usb 3.0+EstucheGratis,$239.900,"exelente, articulo llego antes de lo programado",5,Por Leonardo Puello Bonfante,2017-05-13,05-May,1
Disco Duro Externo Toshiba Canvio® 1TB Usb 3.0+EstucheGratis,$239.900,muy bueno y rapido. continúen mejorando gracias,5,Por jhon garcia,2017-12-05,12-December,1
Disco Duro Externo Toshiba Canvio® 1TB Usb 3.0+EstucheGratis,$239.900,"Excelente producto, me encantó y llegó en menos tiempo.",5,Por vanessa jaraba sanjuan,2017-04-30,04-April,1
Disco Duro Externo Toshiba Canvio® 1TB Usb 3.0+EstucheGratis,$239.900,"llegó muy bien, lo recomiendo!",5,Por EDNA ROCIO PARRA SALCEDO,2017-06-03,06-June,1
Disco Duro Externo Toshiba Canvio® 1TB Usb 3.0+EstucheGratis,$239.900,"Totalmente nuevo y sellado y llego antes de lo esperado, lo recomiendo y muy practico con su estuche.",5,Por Jairo Negrete Agamez,2017-03-03,03-March,1
Disco Duro Externo Toshiba Canvio® 1TB Usb 3.0+EstucheGratis,$239.900,excelente,5,Por Felipe Cogaria Muñoz,2017-02-23,02-February,1
Disco Duro Externo Toshiba Canvio® 1TB Usb 3.0+EstucheGratis,$239.900,Muy pracritico y comodo el producto venia totalmente nuevo y con el estuche para llevarlo un gran combo.. ;),5,Por DIANA MARIBEL GUERRERO LUNA,2016-12-10,12-December,1
Monitor Samsung 24” LED LS24F350FHLXZL Negro,$469.900,lo que promete,5,Por alejandro ortega alejandro ortega,2020-08-09,08-August,1
Monitor Samsung 24” LED LS24F350FHLXZL Negro,$469.900,"Excelente monitor, uno de los mejores en su precio.",5,Por David F. V. Bedoya,2020-06-18,06-June,1
Monitor Samsung 24” LED LS24F350FHLXZL Negro,$469.900,"Excelente resolución, viene con cable VGA, no trae el de hdmi, muy bien empacado. llegó un días antes de lo esperado. recomendado.",5,Por Camilo Avellaneda Aguilar,2020-06-18,06-June,1
Monitor Samsung 24” LED LS24F350FHLXZL Negro,$469.900,Todo excelente y súper rapido,5,Por Jaime Trujillo,2020-12-06,12-December,1
Monitor Samsung 24” LED LS24F350FHLXZL Negro,$469.900,buen valor por el precio. trae la función para reducir luz azul y descansar los ojos,5,Por Alexander Ramirez Alexander Ramirez,2020-11-06,11-November,1
Monitor Samsung 24” LED LS24F350FHLXZL Negro,$469.900,Llegó en buen estado y el monitor es lo que esperaba,5,Por David Fernando Diaz Suarez,2020-10-06,10-October,1
Monitor Samsung 24” LED LS24F350FHLXZL Negro,$469.900,fue super rápido y el producto es excelente!,5,Por Diego Enrique Balaguera Camargo,2020-06-06,06-June,1
Monitor Samsung 24” LED LS24F350FHLXZL Negro,$469.900,"Gran relación entre calidad y precio, todo según lo acordado, muy recomendado.",5,Por Santiago Pulido (MetalFever) Santiago Pulido (MetalFever),2020-06-06,06-June,1
Monitor Samsung 24” LED LS24F350FHLXZL Negro,$469.900,"Muy rápido el servicio, el producto llegó en un día.",5,Por sebastian amaya,2020-05-06,05-May,1
Monitor Samsung 24” LED LS24F350FHLXZL Negro,$469.900,"excelente producto, gracias",5,Por Jhonathan Ramirez Hernandez,2020-05-31,05-May,1
Monitor Samsung 24” LED LS24F350FHLXZL Negro,$469.900,El producto llegó a tiempo y es un excelente monitor. Bastante satisfecho con la compra.,5,Por Javier Andrés Collazos Gómez,2020-05-30,05-May,1
Monitor Samsung 24” LED LS24F350FHLXZL Negro,$469.900,"El producto en sus pruebas iniciales y funcionamiento no presenta novedades . Muy buen tamaño y calidad esperada. No doy las 5 estrellas ya que noto que la caja no se encuentra sellada con cinta de Samsung y q el monitor posee huellas digitales y polvo lo que me hace preguntar si es un producto nuevo , de exhibición o usado?  Haré su respectivo seguimiento.",5,Por Sebastian Arboleda Martínez,2020-04-29,04-April,1
Monitor Samsung 24” LED LS24F350FHLXZL Negro,$469.900,Excelente,4,Por Nicolás Parada,2020-04-14,04-April,1
Monitor Samsung 24” LED LS24F350FHLXZL Negro,$469.900,"no decía que el soporte era fijo y no se.puede ajustar en altura ni inclinación,  el reto muy bien",5,Por Leonardo Tibaduiza Niño,2020-04-13,04-April,1
Monitor Samsung 24” LED LS24F350FHLXZL Negro,$469.900,"La pieza que conecta el monitor con la base tiene un gancho roto, sin embargo lo coloqué y aparentemente quedó bien. Lo demas bien!",5,Por Cesar Torres Torres,2020-06-04,06-June,1
Monitor Samsung 24” LED LS24F350FHLXZL Negro,$469.900,muy bueno,5,Por Andres Santana Fonseca,2020-03-30,03-March,1
Windows 10 Pro Retail ESD (Digital),$99.900,Excelente producto muy confiable.,5,Por Nancy Erazo,2020-07-17,07-July,1
Windows 10 Pro Retail ESD (Digital),$99.900,Recibi la licencia por email y pude activar windows 10 Pro de inmediato. Muy satisfecho.,5,Por Alvaro Guerrero Hurtado,2020-06-21,06-June,1
Windows 10 Pro Retail ESD (Digital),$99.900,Muy buen servicio y calidad del producto.,5,Por Heider Alonso Arevalo Guerra Heider Alonso Arevalo Guerra,2020-04-06,04-April,1
Windows 10 Pro Retail ESD (Digital),$99.900,"Muy buena compra, excelente servicio. OBS. Como es totalmente digital NO deberían enviar un mensajero, igual llega por e-mail.",5,Por Javier Espinel Pinilla,2020-03-06,03-March,1
Windows 10 Pro Retail ESD (Digital),$99.900,"No tuve ningun inconveniente con la activacion, funciono de inmediato, licencias segura!",4,Por Harold Zabala,2020-03-06,03-March,1
Windows 10 Pro Retail ESD (Digital),$99.900,original y muy buen precio,5,Reseñado,2020-05-31,05-May,1
Windows 10 Pro Retail ESD (Digital),$99.900,Producto Original y con la posibilidad de que se les brinde soporte permanente en los temas de instalacion...!! Excelente sin duda alguna volveria a comprarle a este proveedor!!,5,Por Harrinson Utria Gomez,2020-05-29,05-May,1
Windows 10 Pro Retail ESD (Digital),$99.900,Excelente servicio y soporte,5,Por Juan Lenis Juan Lenis,2020-05-20,05-May,1
Office Professional Plus 2019 Digital,$119.990,"Aunque primero llegó físicamente la factura y después el email con la licencia, la actualización fue fácil y rápida",5,Por Liliam Patricia Echeverry Diaz,2020-08-31,08-August,1
Office Professional Plus 2019 Digital,$119.990,Respuesta oportuna ante las inquietudes presentadas.,5,Por Milton Benítez Carmona,2020-07-30,07-July,1
Office Professional Plus 2019 Digital,$119.990,"La entrega fue rapida, hubo un problema con la activacion de una de las licencias pero el soporte fue rapido y se pudo solucionar, recomendado.",5,Por Jonathan Garzon,2020-07-29,07-July,1
Office Professional Plus 2019 Digital,$119.990,Llego tal como se indico,5,Por jorge orando murcia sequeda,2020-07-19,07-July,1
"Mouse Gamer Logitech G203 Prodigy, 6 Botones, 200~8000dpi",$112.900,el producto llego en perfecto estado,5,Por Arley Molano,2020-12-09,12-December,1
"Mouse Gamer Logitech G203 Prodigy, 6 Botones, 200~8000dpi",$112.900,bueno,5,Por cristhian vasquez espinosa,2020-12-09,12-December,1
"Mouse Gamer Logitech G203 Prodigy, 6 Botones, 200~8000dpi",$112.900,"Los botones son demasiado suaves, casi se clickean con el peso del dedo. Es un poco pesado y el acabado se va desgastando rápidamente, no está mal pero esperaba un poco más de calidad en el producto, no es culpa del vendedor, claro,llegó perfectamente a tiempo.",5,Por David Moreno,2020-06-09,06-June,1
"Mouse Gamer Logitech G203 Prodigy, 6 Botones, 200~8000dpi",$112.900,Muy bueno,5,Por MARCELA ISAZA MARCELA ISAZA,2020-03-09,03-March,1
"Mouse Gamer Logitech G203 Prodigy, 6 Botones, 200~8000dpi",$112.900,"Llega bastante rápido, repecto al mouse es una maravilla, buen producto",5,Por Gerson Loaiza Vargas,2020-08-28,08-August,1
"Mouse Gamer Logitech G203 Prodigy, 6 Botones, 200~8000dpi",$112.900,Muy buen producto y buen servicio,5,Por Alejandro Mejía,2020-08-23,08-August,1
"Mouse Gamer Logitech G203 Prodigy, 6 Botones, 200~8000dpi",$112.900,excelente producto,5,Por Esteban Ortiz,2020-08-18,08-August,1
"Mouse Gamer Logitech G203 Prodigy, 6 Botones, 200~8000dpi",$112.900,"Me llegó rápido, buen producto y muy bonito, lo recomiendo, de muy buena calidad.",5,Por Geronimo Cardenas Ulcue,2020-08-08,08-August,1
"Mouse Gamer Logitech G203 Prodigy, 6 Botones, 200~8000dpi",$112.900,muy buen mouse de calidad  y diversas configuraciones,5,Por Sebastian Parra Lopez,2020-07-15,07-July,1
"Mouse Gamer Logitech G203 Prodigy, 6 Botones, 200~8000dpi",$112.900,Valla basura de servicio no sirve te llegan las cosas muy tardes como eso no me llegue impongo una demanda,5,Por Jose Gregorio Melendez Garces,2020-07-13,07-July,1
"Mouse Gamer Logitech G203 Prodigy, 6 Botones, 200~8000dpi",$112.900,Excelente mause. Vale la pena comprarlo.,5,Por David Gómez,2020-06-26,06-June,1
"Mouse Gamer Logitech G203 Prodigy, 6 Botones, 200~8000dpi",$112.900,"muy buen producto
lo recomiendo",5,Por jose martinez mahecha,2020-06-14,06-June,1
"Mouse Gamer Logitech G203 Prodigy, 6 Botones, 200~8000dpi",$112.900,excelente nivel de respuesta! buen precio y rapida entrega,5,Por Reinaldo Molina Reinaldo Molina,2020-05-19,05-May,1
"Mouse Gamer Logitech G203 Prodigy, 6 Botones, 200~8000dpi",$112.900,"Un genuino g203, aunque sea hecho para ""gaming"", es un mouse que se puede usar en casi cualquier superficie (debido a su excelente sensor) lo cual lo hace versátil",5,Por mario alexander morales hernandez mario alexander morales hernandez,2020-10-05,10-October,1
"Mouse Gamer Logitech G203 Prodigy, 6 Botones, 200~8000dpi",$112.900,muy buen producto,5,Por Sergio Santacruz Sergio Santacruz,2020-04-29,04-April,1
Diadema Gamer Profesional con Micrófono Gamers Kotion Each G9000,$119.000,No enviaron el cable para usar en el Pc,5,Por Emanuel Bravo,2020-12-08,12-December,1
Diadema Gamer Profesional con Micrófono Gamers Kotion Each G9000,$119.000,Muy recomendado,5,Por Jorge Antonio Macea Otero,2020-07-27,07-July,1
Diadema Gamer Profesional con Micrófono Gamers Kotion Each G9000,$119.000,"muy bueno, cómodos, se oye bien y me escuchan bien.",5,Por Harry T Harry T,2020-07-25,07-July,1
Diadema Gamer Profesional con Micrófono Gamers Kotion Each G9000,$119.000,Super,5,Por Adriana Patricia Gaviria Monsalve,2020-08-07,08-August,1
Diadema Gamer Profesional con Micrófono Gamers Kotion Each G9000,$119.000,excelente,5,Por Sergio Zapata,2020-10-06,10-October,1
Diadema Audifonos Gamer Profesional Retroiluminados G9000,$104.900,"buen producto!!!!!recomendado, sí quieres escuchar tu música con Gram sonido y estéreo al máximo",5,Por jhon garcia,2020-07-09,07-July,1
Diadema Audifonos Gamer Profesional Retroiluminados G9000,$104.900,Muy. Yeni me llegaron muy rápido funcionan muy bien pero recomiendo que no venga la caja casi dañada,4,Por SERGIO ALEXANDER TAMAYO,2020-04-09,04-April,1
Diadema Audifonos Gamer Profesional Retroiluminados G9000,$104.900,se los recomiendo,5,Por SERGIO ALEXANDER TAMAYO,2020-04-09,04-April,1
Diadema Audifonos Gamer Profesional Retroiluminados G9000,$104.900,Muy buen servicio,5,Por Alexis david Acuña mercado Alexis david Acuña mercado,2020-03-09,03-March,1
Diadema Audifonos Gamer Profesional Retroiluminados G9000,$104.900,bastante bien,5,Por Cristián Garcia Cristián Garcia,2020-02-09,02-February,1
Diadema Audifonos Gamer Profesional Retroiluminados G9000,$104.900,son buenos funcionan muy bien,5,Por Ninroth Espinosa,2020-01-09,01-January,1
Diadema Audifonos Gamer Profesional Retroiluminados G9000,$104.900,no sirve un lado del audífono,5,Por Daniel Nieto Daniel Nieto,2020-08-29,08-August,1
Diadema Audifonos Gamer Profesional Retroiluminados G9000,$104.900,lamentablemente no funciona en el pc como esperaba. PERO en el móvil son increíbles,5,Por Nirfer Lobo Nirfer Lobo,2020-08-27,08-August,1
Diadema Audifonos Gamer Profesional Retroiluminados G9000,$104.900,dice que aísla el ruido y todo eso  y es mentira,1,Por anaulye07@gmail.com anaulye07@gmail.com,2020-08-26,08-August,0
Diadema Audifonos Gamer Profesional Retroiluminados G9000,$104.900,Excelente producto y servicio,5,Por Jair Agudelo,2020-08-21,08-August,1
Disco Ssd Estado Solido Kingston 480gb,$265.000,"Todo excelente, en tiempo y obviamente en calidad",5,Por J. Sebastian Duque,2020-10-08,10-October,1
Disco Ssd Estado Solido Kingston 480gb,$265.000,Genial,5,Por Leonardo Quiñonez,2020-07-24,07-July,1
GABINETE IP CASE 011B,$155.000,muy bien,5,Por luis gallego,2020-08-25,08-August,1
GABINETE IP CASE 011B,$155.000,"Es un buen producto, de calidad, para board en formato pequeño pero con tarjeta de video dedicada y grande. La unica pega es el logo que viene pintado en la carcasa parte frontal, la verdad nada que ver y en las fotos que publican no se ve. Si tienen el mismo problema.... tengo calcomanias gamer que les pueden servir, escribanme ... seminariosw (arroba) gmail . com de resto la caja es excelente, puerto USB 3.0 en la parte superior. Tengan en cuenta que el frontal no admite la instalacion de unidades de DVD o bluray.",5,Por Juan Quesada,2020-08-24,08-August,1
GABINETE IP CASE 011B,$155.000,"muy buen producto, gracias",5,Por Brayan Fuenmayor,2020-07-25,07-July,1
GABINETE IP CASE 011B,$155.000,excelente para pc de entrada,5,Por JORGE MURCIA JORGE MURCIA,2020-11-07,11-November,1
GABINETE IP CASE 011B,$155.000,"Todo en buen estado, llegó completo.",5,Por Juan Ballesteros,2020-10-07,10-October,1
GABINETE IP CASE 011B,$155.000,Una semana para enviar el producto.... tampoco la cosa es así.... más seriedad...no lo recomiendo....,5,Por Hugo E. Cuellar Villegas,2020-06-15,06-June,1
GABINETE IP CASE 011B,$155.000,sigan poniendo cosas de este tipo economicas muchas gracias por todo,5,Por Natalia Ramirez,2020-04-22,04-April,1
Impresora Laser HP 107w Wifi - Usb - 20 PPM,$375.000,excelente producto,5,Por Camilo Alexander Rincon,2020-04-08,04-April,1
"Reacondicionado

Monitor HP EliteDisplay E232 23""",$380.000,"llegó con rayones en la base de la pantalla y se nota que no es por cómo venía empacado, parece usada.",5,Por Juan Osorio,2020-08-23,08-August,1
"Reacondicionado

Monitor HP EliteDisplay E232 23""",$380.000,Me gusto mucho el monitor y a buen precio,5,Por Enrique Trujillo,2020-08-17,08-August,1
"Reacondicionado

Monitor HP EliteDisplay E232 23""",$380.000,"Muy buen producto, pero mal envió; llego rayada la base y golpeada",5,Por Juanes Quintero,2020-08-17,08-August,1
"Reacondicionado

Monitor HP EliteDisplay E232 23""",$380.000,"bueno, llegó con un raye leve pero bien",5,Por Samuel Ochoa Samuel Ochoa,2020-12-08,12-December,1
"Reacondicionado

Monitor HP EliteDisplay E232 23""",$380.000,"El monitor llegó mal empacado, caja genérica sin protección para el monitor, el contenido de cables es acorde, lastimosamente vino rayado en los bordes y con un pixel bloqueado, no viene con manuales.",4,Por Katty Velasquez Katty Velasquez,2020-08-08,08-August,1
"Reacondicionado

Monitor HP EliteDisplay E232 23""",$380.000,"Buen producto, que en perfecto estado",4,Por Nelson Villalba,2020-07-08,07-July,1
"Reacondicionado

Monitor HP EliteDisplay E232 23""",$380.000,Mal empacado pero todo bien,5,Por david palacio,2020-05-08,05-May,1
"Reacondicionado

Monitor HP EliteDisplay E232 23""",$380.000,Muy bueno,5,Por cristian prada,2020-03-08,03-March,1
"Reacondicionado

Monitor HP EliteDisplay E232 23""",$380.000,muy bueno el monitor,4,Por Edgar Masa,2020-07-28,07-July,1
"Reacondicionado

Monitor HP EliteDisplay E232 23""",$380.000,"Eficiencia, cumplimiento y rapidez",5,Por LILIA JARAMILLO,2020-07-25,07-July,1
"Reacondicionado

Monitor HP EliteDisplay E232 23""",$380.000,"Llegó en buenas condiciones, excelente equipo",5,Por Luis Enrique Guevara Molano Luis Enrique Guevara Molano,2020-07-24,07-July,1
"Reacondicionado

Monitor HP EliteDisplay E232 23""",$380.000,cumplieron con todo lo prometido. Gracias,5,Por CIRO ANTONIO DUSSAN CLAVIJO,2020-07-23,07-July,1
"Reacondicionado

Monitor HP EliteDisplay E232 23""",$380.000,"Envío producto en una caja sin icopor ni protección, sólo el monitor suelto en la caja, como se le ocurre enviar un monitor así, de milagro no se partió la pantalla",5,Por ciro eduardo mendoza torres,2020-07-21,07-July,1
"Reacondicionado

Monitor HP EliteDisplay E232 23""",$380.000,"La pantalla llegó metida en una caja sin los icopores de protección, adicionalmente llegó con una de las pastas abiertas, como cuando recibe un golpe",5,Por Luis Angel Natera Suarez,2020-07-20,07-July,1
"Reacondicionado

Monitor HP EliteDisplay E232 23""",$380.000,"fácil,rápido y seguro",5,Por Gueiler Gafáro Guerrero,2020-07-18,07-July,1
Camara WEB FULL HD PARA PC,$70.000,cumple con las características de 720 p el vendedor muy rápido me envió al día siguiente de la compra y llegó a los dos días,5,Por jose luis bula madera,2020-03-09,03-March,1
Camara WEB FULL HD PARA PC,$70.000,si excelente,5,Por Hadalber Rojas Vargas,2020-01-09,01-January,1
Camara WEB FULL HD PARA PC,$70.000,"La cámara es tal las especificaciones, el producto llegó muy rápido.",4,Por Pedro Alexander Fernandez Aza,2020-08-31,08-August,1
Camara WEB FULL HD PARA PC,$70.000,"No importa si es 720 o 1080 si la camara tiene 2 o 3 megapixeles se va a ver algo borroso, no enfoca la letra bien, a 3 metros la cara de las personas se ve borroso, de cerca se ve relativamente bien uno, pero estas camaras son regulares en calidad de imagen y videos. Quiero pedirle a la gente que publica estos productos que en características del producto coloquen siempre los megapixeles de la camara y no se aprovechen de el desconocimiento de las personas, gracias.",5,Por Jonathan ferney Herrera gonzalez,2020-08-26,08-August,1
Camara WEB FULL HD PARA PC,$70.000,Una buena cámara para su precio.,2,Por Sebastian Rodriguez Bonil,2020-08-21,08-August,0
Camara WEB FULL HD PARA PC,$70.000,Los recomiendo por calidad del servicio,5,Por mateo uzumaky mateo uzumaky,2020-08-13,08-August,1
Camara WEB FULL HD PARA PC,$70.000,muy rapido y eficiente buen servicio,5,Por juliangamboa717@gmail.com juliangamboa717@gmail.com,2020-01-08,01-January,1
Combo Teclado y Mouse Gamer con Luces,$64.900,funciona muy bien y es bonito,2,Por Juan Ruiz,2020-12-09,12-December,0
Combo Teclado y Mouse Gamer con Luces,$64.900,Por ahora muy buen producto,5,Por nury abril,2020-12-09,12-December,1
Combo Teclado y Mouse Gamer con Luces,$64.900,"Lo que recibimos no es ni el mismo producto. Uno elige un producto en la página web y linio le mandan a uno lo que a ellos les da la gana. Lo recibido no no es ni parecido a lo que compré. Además este es el segundo intento que hago de comprar tecnología por esta página, el anterior combo salió defectuoso y llevo mas de un mes intentando darle a mi hijo su regalo de cumpleaños. Que espantosa experiencia de cliente!",5,Por Eliana Leaño Valverde,2020-08-26,08-August,1
Combo Teclado y Mouse Gamer con Luces,$64.900,"Lo que recibimos no es ni el mismo producto. Uno elige un producto en la página web y linio le mandan a uno lo que a ellos les da la gana. Lo recibido no no es ni parecido a lo que compré. Además este es el segundo intento que hago de comprar tecnología por esta página, el anterior combo salió defectuoso y llevo mas de un mes intentando darle a mi hijo su regalo de cumpleaños con todo el tema de la devolución, el reembolso... Que espantosa experiencia de cliente!",5,Por Eliana Leaño Valverde,2020-08-26,08-August,1
Combo Teclado y Mouse Gamer con Luces,$64.900,"Lo que recibimos no es el mismo producto que compré. Uno elige un producto en la página web y linio le mandan a uno lo que a ellos les da la gana. Lo recibido no no es ni parecido a lo que compré. Además este es el segundo intento que hago de comprar tecnología por esta página, el anterior combo salió defectuoso y llevo mas de un mes intentando darle a mi hijo su regalo de cumpleaños. Que espantosa experiencia de cliente!",1,Por Eliana Leaño Valverde,2020-08-26,08-August,0
Combo Teclado y Mouse Gamer con Luces,$64.900,buen product,1,Por Otoniel Granados Manrique,2020-08-19,08-August,0
Combo Teclado y Mouse Gamer con Luces,$64.900,no es igual que el de la imagen parece como un esqueleto de teclado parece que faltará la parte negra,1,Por Jenny Moreno,2020-08-19,08-August,0
Combo Teclado y Mouse Gamer con Luces,$64.900,Lo unico que no me gustó tanto es que el ratón no tiene esas teclas a los lados pero en general me gustó,5,Por TrrLF 4707 TrrLF 4707,2020-08-19,08-August,1
Combo Teclado y Mouse Gamer con Luces,$64.900,"No me llegó el mouse, solo el teclado, y no es el teclado de la imagen, es un teclado de 20,000 pesos, al comunicarme con la tienda no me dan solución, pesimo, estafadores",1,Por Marlon Karabaly Peña,2020-08-18,08-August,0
Combo Teclado y Mouse Gamer con Luces,$64.900,"El teclado es de un material pésimo, me llegó con una tecla rota, el producto no cumple para nada las especificaciones que aparecen en la descripción del producto. El mouse no viene con 7 botones, solo tiene los básicos. El teclado o tiene luces ni las funciones de la tecla fn.",5,Por David Avellaneda Perico,2020-08-15,08-August,1
Combo Teclado y Mouse Gamer con Luces,$64.900,no es el mismo teclado al de la imagen,1,Por Camilo Andrés,2020-08-14,08-August,0
Combo Teclado y Mouse Gamer con Luces,$64.900,todo,1,Por yanneht gonzalez arenas,2020-08-13,08-August,0
Combo Teclado y Mouse Gamer con Luces,$64.900,"El teclado no es el de la imagen, igual está bien solo cambia que no es negro la base sino blanca, el mouse es mejor. Ideal por el precio",4,Por Hugo Andrés Ospitia Carrillo,2020-08-13,08-August,1
Tinta Epson 664 L380 L395 L495 L375 L575 Ecotank,$73.900,buen precio y entrega rapida,5,Por Willy Correa Willy Correa,2020-07-29,07-July,1
Disco duro externo 2Tb Hdd Usb3.0 Dispositivos de almacenamiento en disco Hd externo,$144.990,no funciona para ps4 o Xbox one,5,Por Jeffrey Leon,2020-08-30,08-August,1
Disco Duro Externo Toshiba 3.0 1TB,$214.900,tal como se solicito,5,Por Javier Ramirez Cardona,2020-07-29,07-July,1
Disco Duro Externo Toshiba 3.0 1TB,$214.900,Excelente,5,Por Edwin Andres Casas Vela Edwin Andres Casas Vela,2020-06-25,06-June,1
Disco Duro Externo Toshiba 3.0 1TB,$214.900,es tal cual la imagen y descripción del producto,5,Por Angie Viviana,2020-05-14,05-May,1
Disco Duro Externo Toshiba 3.0 1TB,$214.900,Excelente,5,Por Andres Campo Camacho,2019-03-12,03-March,1
"Portátil Lenovo V15-ADA AMD 3020e - RAM 4GB - SSD 256 - 15,6"" Gris",$1.499.900,estuvo muy pero demasiado demorado la activación de mi producto cancelado deberían ser más ágil y eficaz en esa parte para no atropellar al cliente y bajarle la confianza de lo que compra.,5,Por LUIS EDUARDO PAJARO JIMENEZ,2020-09-13,09-September,1
"Portátil Lenovo V15-ADA AMD 3020e - RAM 4GB - SSD 256 - 15,6"" Gris",$1.499.900,pero tienen que mejorar el tema de facturación llega el link sin nada,5,Por Jose Saavedra Jose Saavedra,2020-08-21,08-August,1
"Portátil Lenovo V15-ADA AMD 3020e - RAM 4GB - SSD 256 - 15,6"" Gris",$1.499.900,"El producto traía conector para toma europea, compre el adaptador y el sistema operativo no están bien configurado.",5,Por JF INGENIEROS SAS,2020-08-15,08-August,1
Impresora Multifuncional Epson L3110 - Reemplazo L380 - Tinta Original,$609.900,"llego a tiempo, en buen estado, el problema no viene con factura de compra",5,Por Milena Martinez Milena Martinez,2020-06-19,06-June,1
Impresora Multifuncional Epson L3110 - Reemplazo L380 - Tinta Original,$609.900,Era lo que esperaba,5,Por Paola Segura Espinosa,2020-06-19,06-June,1
Impresora Multifuncional Epson L3110 - Reemplazo L380 - Tinta Original,$609.900,Excelente estado y rápida entrega,5,Por Erika Milena Murillo Carrascal,2020-06-16,06-June,1
Impresora Multifuncional Epson L3110 - Reemplazo L380 - Tinta Original,$609.900,Originalidad,5,Por Daniel Colorado,2020-05-06,05-May,1
Impresora Multifuncional Epson L3110 - Reemplazo L380 - Tinta Original,$609.900,"Muy buen producto exactamente lo que necesitaba, lo unico fue que no llego en el tiempo que habian indicado.",5,Por Jenny andrea Beltran raba Jenny andrea Beltran raba,2020-03-06,03-March,1
Impresora Multifuncional Epson L3110 - Reemplazo L380 - Tinta Original,$609.900,Impresora llego en estado excelente,4,Por JHON ALEXANDER MORENO BARRETO,2020-07-05,07-July,1
Impresora Multifuncional Epson L3110 - Reemplazo L380 - Tinta Original,$609.900,"Producto idéntico al solicitado. Buen precio. Califico con 5 a pesar del retraso en la entrega de 3 días para generar envío y adicional de otros 2 días que demoró demás la transportadora. Se entiende por la coyuntura de éste momento. Llegó con factura, registro de importación de la DIAN y bien embalado.",5,Por Gabriel Corredor,2020-04-29,04-April,1
Impresora Multifuncional Epson L3110 - Reemplazo L380 - Tinta Original,$609.900,Buen producto,5,Por Paola Diaz,2020-04-20,04-April,1
Impresora Multifuncional Epson L3110 - Reemplazo L380 - Tinta Original,$609.900,"Producto original, garantía con Epson directamente. Excelente para uso en casa.",5,Por Duryi Gómez,2020-08-04,08-August,1
Impresora Multifuncional Epson L3110 - Reemplazo L380 - Tinta Original,$609.900,"llegó perfecta, falta darle uso. gracias.",5,Por Cristina Oliveros Oliveros,2020-01-25,01-January,1
Impresora Multifuncional Epson L3110 - Reemplazo L380 - Tinta Original,$609.900,excelente producto,5,Por Rita Osorio,2020-01-23,01-January,1
Impresora Multifuncional Epson L3110 - Reemplazo L380 - Tinta Original,$609.900,Todo según lo pactado.,5,Por OSCAR ROMERO OSCAR ROMERO,2020-01-23,01-January,1
Impresora Multifuncional Epson L3110 - Reemplazo L380 - Tinta Original,$609.900,bien,5,Por José Gonzalo Tejada Márquez,2020-01-23,01-January,1
Impresora Multifuncional Epson L3110 - Reemplazo L380 - Tinta Original,$609.900,es un producto excelente sobre todo los tanques de tinta su nuevo mecanismo ni mancha la impresora ni las manos de tinta estoy a gusto porque sus copias son nítidas,5,Por Robinson Mendoza Robinson Mendoza,2020-05-01,05-May,1
Impresora Multifuncional Epson L3110 - Reemplazo L380 - Tinta Original,$609.900,"No la he usado, se ve bien",5,Por Oscar Alberto Valenzuela Martinez,2019-12-15,12-December,1
Impresora Multifuncional Epson L3110 - Reemplazo L380 - Tinta Original,$609.900,Buen producto.,5,Por nicolas guerra osorio,2019-11-12,11-November,1
Impresora Multifuncional Epson L3110 - Reemplazo L380 - Tinta Original,$609.900,Excelente,5,Por Juan Carlos Lopera Cruz,2019-04-12,04-April,1
Impresora Multifuncional Epson L3110 - Reemplazo L380 - Tinta Original,$609.900,Excelente,5,Por Juan Carlos Lopera Cruz,2019-04-12,04-April,1
Impresora Multifuncional Epson L3110 - Reemplazo L380 - Tinta Original,$609.900,"Muy bien embalado, llego en perfecto estado",5,Por Jhon Larios Bustamante,2019-02-12,02-February,1
Impresora Multifuncional Epson L3110 - Reemplazo L380 - Tinta Original,$609.900,"Excelente artículo, ya la probé y funciona muy bien.",5,Por Wilmer Alfredo Espinel Perez,2019-11-29,11-November,1
Impresora Multifuncional Epson L3110 - Reemplazo L380 - Tinta Original,$609.900,en perfecto estado,5,Por Nathalia Romero,2019-11-25,11-November,1
Impresora Multifuncional Epson L3110 - Reemplazo L380 - Tinta Original,$609.900,Buen producto,5,Por Eduar Sst,2019-10-24,10-October,1
Impresora Multifuncional Epson L3110 - Reemplazo L380 - Tinta Original,$609.900,"Excelente artículo, muy recomendado. Impresiones de alta calidad",5,Por Christian Marrugo Barrera,2019-03-10,03-March,1
Impresora Multifuncional Epson L3110 - Reemplazo L380 - Tinta Original,$609.900,muy buena,5,Por cesar augusto lopez orozco,2019-09-17,09-September,1
Impresora Multifuncional Epson L3110 - Reemplazo L380 - Tinta Original,$609.900,provvedor desorganizado para entrega de equipos una vez pagados,5,Por Fredy Reyes Fredy Reyes,2019-09-13,09-September,1
Impresora Multifuncional Epson L3110 - Reemplazo L380 - Tinta Original,$609.900,"Muy buen producto, se entregó en el tiempo previsto.",4,Por Jorge Barcinilla Lopez,2019-09-13,09-September,1
Impresora Multifuncional Epson L3110 - Reemplazo L380 - Tinta Original,$609.900,lo entregaron a tiempo y en excelente estado gracias,5,Por victor javier arrieta morales,2019-11-09,11-November,1
Impresora Multifuncional Epson L3110 - Reemplazo L380 - Tinta Original,$609.900,Muy buena,5,Por Teresa Del Carmen Zarante Rodriguez,2019-08-31,08-August,1
Impresora Multifuncional Epson L3110 - Reemplazo L380 - Tinta Original,$609.900,Espero que buena,5,Por Patricia Mayor,2019-08-28,08-August,1
Impresora Multifuncional Epson L3110 - Reemplazo L380 - Tinta Original,$609.900,"cumplió con la oferta. El producto llegó en excelentes condiciones, un día después de lo previsto pero en general muy ágiles.",5,Por Jair Forero,2019-08-22,08-August,1
Impresora Multifuncional Epson L3110 - Reemplazo L380 - Tinta Original,$609.900,Excelente producto,5,Por nodier albeiro montoya munera,2019-08-21,08-August,1
Impresora Multifuncional Epson L3110 - Reemplazo L380 - Tinta Original,$609.900,"Excelente producto, buen tiempo en la entrega.",5,Por Eliana Hidalgo,2019-12-08,12-December,1
Impresora Multifuncional Epson L3110 - Reemplazo L380 - Tinta Original,$609.900,"Muy buena hasta el momento, recomiendo el producto",5,Por dirla mosquera,2019-10-08,10-October,1
Impresora Multifuncional Epson L3110 - Reemplazo L380 - Tinta Original,$609.900,buena atención y rapidez en la entrega de los artículos,5,Por yimis elias vidual caldera,2019-06-08,06-June,1
Impresora Multifuncional Epson L3110 - Reemplazo L380 - Tinta Original,$609.900,"al momento que yo haga la solicitud de compra del producto puedo pagarlo con la tarjeta falabella, así  no tenga la tarjeta Linio",5,Por ALISSONCAMILA PACHONTAPIERO,2019-06-08,06-June,1
Impresora Multifuncional Epson L3110 - Reemplazo L380 - Tinta Original,$609.900,"Muy buen producto, cumple con lo ofertado",5,Por Adrian Alvarez Florez,2019-05-08,05-May,1
Impresora Multifuncional Epson L3110 - Reemplazo L380 - Tinta Original,$609.900,"Bien servicio, aún no hemos instalado el equipo pero llego bien empacado y en buen estado.",5,Por ANGELICA TAMARA PALMA,2019-05-08,05-May,1
Impresora Multifuncional Epson L3110 - Reemplazo L380 - Tinta Original,$609.900,excelente producto.,5,Por Mayra Patiño Mayra Patiño,2019-02-08,02-February,1
Impresora Multifuncional Epson L3110 - Reemplazo L380 - Tinta Original,$609.900,Aún no lo he revisado,5,Por Yeny Elizabeth Ferrer,2019-01-08,01-January,1
Impresora Multifuncional Epson L3110 - Reemplazo L380 - Tinta Original,$609.900,"como hago para que me envíen factura de una impresora que compre el mes pasado, gracias.",4,Por Mary Leonor Salgado Paez,2019-07-30,07-July,1
Impresora Multifuncional Epson L3110 - Reemplazo L380 - Tinta Original,$609.900,"Muy buen producto y un excelente vendedor, todo llegó muy bien.",5,Por Jhonny Gonzalez,2019-07-22,07-July,1
Impresora Multifuncional Epson L3110 - Reemplazo L380 - Tinta Original,$609.900,Muy buen producto lo recomiendo,5,Por jorge Andres morales diaz,2019-07-17,07-July,1
Impresora Multifuncional Epson L3110 - Reemplazo L380 - Tinta Original,$609.900,"llego en el tiempo indicado, trabaja muy bn, me gusto",5,Por CARLOS EDUARDO JIMENEZ SANCHEZ,2019-07-13,07-July,1
Impresora Multifuncional Epson L3110 - Reemplazo L380 - Tinta Original,$609.900,"la transportadora  es pésima, entrego el producto donde se les dio la gana y no verificaron con el numero celular. me toco salir a buscar la impresora por todo el barrio, menos mal los vecinos son honrados...",5,Por Henry Mendez,2019-11-07,11-November,1
Impresora Multifuncional Epson L3110 - Reemplazo L380 - Tinta Original,$609.900,"Perfecto, cumple expectactiva",5,Por Elkin Osorno Agudelo,2019-10-07,10-October,1
Impresora Multifuncional Epson L3110 - Reemplazo L380 - Tinta Original,$609.900,"excelente servicio. rapidez y buen producto.
me llego antes de la fecha estimada muy agradecida Recomendadisimo!",5,Por Ancar Vidal,2019-01-07,01-January,1
Impresora Multifuncional Epson L3110 - Reemplazo L380 - Tinta Original,$609.900,excelente producto,5,Por juan carlos velasquez morillo,2019-06-29,06-June,1
Impresora Multifuncional Epson L3110 - Reemplazo L380 - Tinta Original,$609.900,Servicio supremamente rapido muy buen producto,5,Por Alvaro Hernan Zuñiga Rivera,2019-06-28,06-June,1
Impresora Multifuncional Epson L3110 - Reemplazo L380 - Tinta Original,$609.900,el producto muy bueno pero no le doy 5 estrella debido a que en dos ocasiones el vendedor se demora mucho para enviar el producto y no ha sido posible que cumpla con los tiempos de entrega de resto todo OK,5,Por RAFAEL RICARDO MEJIA C,2019-06-26,06-June,1
Impresora Multifuncional Epson L3110 - Reemplazo L380 - Tinta Original,$609.900,hasta el momento todo bien . muchas gracias,1,Por michael urrego,2019-06-18,06-June,0
Impresora Multifuncional Epson L3110 - Reemplazo L380 - Tinta Original,$609.900,bn impresora,5,Por yimis elias vidual caldera,2019-06-18,06-June,1
Impresora Multifuncional Epson L3110 - Reemplazo L380 - Tinta Original,$609.900,Buen producto y a buen precio,5,Por Fabian Sanmiguel Molina,2019-06-14,06-June,1
Impresora Multifuncional Epson L3110 - Reemplazo L380 - Tinta Original,$609.900,Excelente máquina y cumplió tiempo de entrega,5,Por Daniel Mora,2019-08-06,08-August,1
Impresora Multifuncional Epson L3110 - Reemplazo L380 - Tinta Original,$609.900,Buenos días pensé que tenía wi-fi y que sacaba fotocopias con ampliación; por lo demás me pareció  muy Buena.,5,Por German Jimenez Leon,2019-06-06,06-June,1
Impresora Multifuncional Epson L3110 - Reemplazo L380 - Tinta Original,$609.900,Excelnte producto,5,Por felix javier olivares medina,2019-05-06,05-May,1
Impresora Multifuncional Epson L3110 - Reemplazo L380 - Tinta Original,$609.900,Excelente,5,Por Andres Rubiano,2019-02-06,02-February,1
Impresora Multifuncional Epson L3110 - Reemplazo L380 - Tinta Original,$609.900,"si, percances lo hay en toda parte, pero con paciencia y responsabilidad todo sale bien",5,Por ADRIANA AGUIRRE ADRIANA AGUIRRE,2019-01-06,01-January,1
Impresora Multifuncional Epson L3110 - Reemplazo L380 - Tinta Original,$609.900,excelente producto llegó antes de lo esperado,5,Por Elver Rondon,2019-05-31,05-May,1
Impresora Multifuncional Epson L3110 - Reemplazo L380 - Tinta Original,$609.900,"Si muy chevere, muy contenta con el producto",5,Por Melina Sabogal gomez,2019-05-30,05-May,1
Impresora Multifuncional Epson L3110 - Reemplazo L380 - Tinta Original,$609.900,Buen producto. Llenó mis expectativas. Buen servicio y cumplidos en la entrega. Accesorios completos como lo dice en la caja.,5,Por JULIO CESAR MORALES MUÑOZ,2019-05-30,05-May,1
Impresora Multifuncional Epson L3110 - Reemplazo L380 - Tinta Original,$609.900,Gracias excelente producto,5,Por Janeth Rojas Murillo,2019-05-29,05-May,1
Impresora Multifuncional Epson L3110 - Reemplazo L380 - Tinta Original,$609.900,Muy puntuales en la entrega del producto.,5,Por Alejandra Maria Giraldo Garcia,2019-05-25,05-May,1
Impresora Multifuncional Epson L3110 - Reemplazo L380 - Tinta Original,$609.900,justo lo que esperaba muy complicó,4,Por luis bernal,2019-05-23,05-May,1
Impresora Multifuncional Epson L3110 - Reemplazo L380 - Tinta Original,$609.900,"oportuna la entrega, muy bien empacado, llegó en perfecto estado...super recomendado",4,Por angelica chaves,2019-05-23,05-May,1
Impresora Multifuncional Epson L3110 - Reemplazo L380 - Tinta Original,$609.900,"Buen producto, era lo que esperaba.",5,Por zuly quintero lozano,2019-05-18,05-May,1
Impresora Multifuncional Epson L3110 - Reemplazo L380 - Tinta Original,$609.900,"siempre me ha gustado esa marca, espero seguirla amando",5,Por ADRIANA AGUIRRE ADRIANA AGUIRRE,2019-05-17,05-May,1
Impresora Multifuncional Epson L3110 - Reemplazo L380 - Tinta Original,$609.900,Excelente puntual recomendado,5,Por RENZO ARRIETA GARIZADO,2019-05-14,05-May,1
Impresora Multifuncional Epson L3110 - Reemplazo L380 - Tinta Original,$609.900,Excelente producto,5,Por Victor Aleman,2019-10-05,10-October,1
Impresora Multifuncional Epson L3110 - Reemplazo L380 - Tinta Original,$609.900,Excelente producto,5,Por Juan felipe Monsalve garcia,2019-07-05,07-July,1
Impresora Multifuncional Epson L3110 - Reemplazo L380 - Tinta Original,$609.900,"Me gusto mucho, llego en el tiempo indicado",4,Por Carolina Calderon,2019-05-05,05-May,1
Impresora Multifuncional Epson L3110 - Reemplazo L380 - Tinta Original,$609.900,"Entrego a tiempo el producto y de buena calidad, para mejorar que no supe si se había enviado o no y cuando llegó aún aparecía que el producto estaba en despacho.",5,Por Andres Felipe Lizalda Martinez,2019-04-05,04-April,1
Impresora Multifuncional Epson L3110 - Reemplazo L380 - Tinta Original,$609.900,salió muy bien el producto y llego antes de lo esperado,5,Por Gio Morales,2019-02-05,02-February,1
Impresora Multifuncional Epson L3110 - Reemplazo L380 - Tinta Original,$609.900,Llego en perfectas condiciones,5,Por Humberto Bonilla,2019-04-30,04-April,1
Impresora Multifuncional Epson L3110 - Reemplazo L380 - Tinta Original,$609.900,Excelente producto y la entrega super cumplida.,5,Por Eliana Hidalgo,2019-04-26,04-April,1
Impresora Multifuncional Epson L3110 - Reemplazo L380 - Tinta Original,$609.900,excelente productos y muy cumplidos con la entrega,5,Por Diego Andrés Tejada,2019-04-26,04-April,1
Impresora Multifuncional Epson L3110 - Reemplazo L380 - Tinta Original,$609.900,funcional,5,Por DIEGO CALLE,2019-04-20,04-April,1
Impresora Multifuncional Epson L3110 - Reemplazo L380 - Tinta Original,$609.900,buen producto,5,Por DIEGO CALLE,2019-04-18,04-April,1
Impresora Multifuncional Epson L3110 - Reemplazo L380 - Tinta Original,$609.900,"aunque se demoró un poco fue muy buena decisión, es una impresora muy buena y fácil de instalar y usar",5,Por Camilo Torres,2019-11-04,11-November,1
Impresora Multifuncional Epson L3110 - Reemplazo L380 - Tinta Original,$609.900,"Exelente producto, precio y entrega",5,Por EDGAR ALBERTO GUALDRON SILVA,2019-08-04,08-August,1
Impresora Multifuncional Epson L3110 - Reemplazo L380 - Tinta Original,$609.900,"todo llego en buen estado, lo único es que no llego en la fecha acordada al momento de la compra.",5,Por Elmis Robles Sanchez,2019-02-04,02-February,1
Impresora Multifuncional Epson L3110 - Reemplazo L380 - Tinta Original,$609.900,Excelente impresora,5,Por Monica Garzon,2019-02-04,02-February,1
Impresora Multifuncional Epson L3110 - Reemplazo L380 - Tinta Original,$609.900,LLEGO TARDE 2 DIAS DE LO ESTIMADO DEL RESTO TODO BIEN,5,Por Kevin Barrios,2019-03-28,03-March,1
Impresora Multifuncional Epson L3110 - Reemplazo L380 - Tinta Original,$609.900,"Producto, en buen estado y llego super rápido",5,Por JAIRO BONILLA,2019-03-28,03-March,1
Impresora Multifuncional Epson L3110 - Reemplazo L380 - Tinta Original,$609.900,"Muy buena la gestión, llegó  antes de lo acordado, tuve inconveniente con la transportadora, ya que no me recibió monedas; en las recomendaciones me solicita pagar en sencillo. 
Gracias",5,Reseñado,2019-03-27,03-March,1
Impresora Multifuncional Epson L3110 - Reemplazo L380 - Tinta Original,$609.900,Recomiendo al vendedor muy serio y responsable. El producto muy bueno!,5,Por Heidy Molina Arevalo,2019-03-26,03-March,1
Impresora Multifuncional Epson L3110 - Reemplazo L380 - Tinta Original,$609.900,"Excelente producto, responsabilidad y seriedad! Me llego mucho antes de lo que lo esperaba... Muchas gracias!",5,Por Heidy Molina Arevalo,2019-03-26,03-March,1
Impresora Multifuncional Epson L3110 - Reemplazo L380 - Tinta Original,$609.900,recomiendo este producto y al vendedor,5,Por Cristian Cardona,2019-03-22,03-March,1
Impresora Multifuncional Epson L3110 - Reemplazo L380 - Tinta Original,$609.900,"EXCELENTE PRODUCTO, ENTREGA RAPIDA, EL PRODUCTO LLENO TODAS MIS ESPECTATIVAS PRESENTACION ADECUADA",5,Por Andres David Ramirez Hincapie,2019-03-21,03-March,1
Impresora Multifuncional Epson L3110 - Reemplazo L380 - Tinta Original,$609.900,Llego en la fecha acordada y en excelentes condiciones,5,Por Isaac Moncada Isaac Moncada,2019-03-20,03-March,1
Impresora Multifuncional Epson L3110 - Reemplazo L380 - Tinta Original,$609.900,Todo OK,5,Por Edward A Rey D.,2019-03-16,03-March,1
Impresora Multifuncional Epson L3110 - Reemplazo L380 - Tinta Original,$609.900,Llego antes de las fechas estipuladas y en excelentes condiciones y muy buen producto,5,Por Reinaldo Cespedes Daza,2019-03-15,03-March,1
Impresora Multifuncional Epson L3110 - Reemplazo L380 - Tinta Original,$609.900,"Entrega rápida, excelente presentación, embalaje y buen precio",4,Por Fernando Vinasco,2019-12-03,12-December,1
Impresora Multifuncional Epson L3110 - Reemplazo L380 - Tinta Original,$609.900,"un producto de excelente calidad, recomendadisimo",5,Por sandra restrepo orozco,2019-05-03,05-May,1
Impresora Multifuncional Epson L3110 - Reemplazo L380 - Tinta Original,$609.900,"Llegó en buena presentación y a tiempo. Recomendado! Buen producto, facil de usar e instalar",5,Por Fernando Monsalve,2019-03-03,03-March,1
Impresora Multifuncional Epson L3110 - Reemplazo L380 - Tinta Original,$609.900,Estoy muy contenta con la pagina de LINIO que me permitió el acceso de conseguirme un excelente producto y me lo entregaron en MENOS tiempo de lo especificado en la compra...Muy contenta..,5,Por carolina gomez jaramillo,2019-01-03,01-January,1
Impresora Multifuncional Epson L3110 - Reemplazo L380 - Tinta Original,$609.900,Entrega antes de lo acordado,5,Por Agroperez ltda,2019-01-03,01-January,1
Impresora Multifuncional Epson L3110 - Reemplazo L380 - Tinta Original,$609.900,"Excelente impresora, llego antes del tiempo acordado.",5,Por Yenni Rosero,2019-02-25,02-February,1
Impresora Multifuncional Epson L3110 - Reemplazo L380 - Tinta Original,$609.900,Muy bueno el producto,5,Por johana espinoa,2019-02-18,02-February,1
Impresora Multifuncional Epson L3110 - Reemplazo L380 - Tinta Original,$609.900,"muy facil de usar, recargar la tinta es super facil, cumplimiento en la entrega del equipo, todo full, excelente servicio",5,Por ilver sanchez,2019-02-17,02-February,1
Impresora Multifuncional Epson L3110 - Reemplazo L380 - Tinta Original,$609.900,buen equipo muy fácil de usar,4,Por ilver sanchez,2019-02-16,02-February,1
Impresora Multifuncional Epson L3110 - Reemplazo L380 - Tinta Original,$609.900,"muy satisfecho, en el tiempo acordado.",5,Por johana espinoa,2019-11-02,11-November,1
Impresora Multifuncional Epson L3110 - Reemplazo L380 - Tinta Original,$609.900,"Muy bien servicio, la impresora en excelente estado, todo bien protegido. Lo bueno es que me llegó súper rápido a la puerta de mi casa.",4,Por Carlos Eduardo Vizcaíno cueto,2019-09-02,09-September,1
Impresora Multifuncional Epson L3110 - Reemplazo L380 - Tinta Original,$609.900,Ninguna objeción,5,Por Sebastia'n Garavito,2019-01-02,01-January,1
Impresora Multifuncional Epson L3110 - Reemplazo L380 - Tinta Original,$609.900,La impresora llego en excelente estado.,5,Por Maria Fernanda Herrera,2019-01-31,01-January,1
Impresora Multifuncional Epson L3110 - Reemplazo L380 - Tinta Original,$609.900,Excelente producto. Rápida entrega y muy buenas condiciones de envío.,5,Por Óscar Montoya Álvarez,2019-01-23,01-January,1
Impresora Multifuncional Epson L3110 - Reemplazo L380 - Tinta Original,$609.900,"Entrega rápida, Producto en excelente condición y funcionamiento.",5,Por Óscar Montoya Álvarez,2019-01-23,01-January,1
Impresora Multifuncional Epson L3110 - Reemplazo L380 - Tinta Original,$609.900,"Muy buen precio, original",5,Por Luis Eduardo Bayona Donado,2019-01-20,01-January,1
Impresora Multifuncional Epson L3110 - Reemplazo L380 - Tinta Original,$609.900,Todo en orden.,5,Por Ximena Duque,2019-04-01,04-April,1
Impresora Multifuncional Pixma Canon G2101 Tanques De Tinta Recargables +  1 Tinta negra adicional,$499.890,excelente articulo,5,Por Carlos Alberto,2020-06-06,06-June,1
Impresora Multifuncional Pixma Canon G2101 Tanques De Tinta Recargables +  1 Tinta negra adicional,$499.890,"Ta buena
Y entrega anticipada",5,Por Samuel Pelaez Samuel Pelaez,2020-05-06,05-May,1
Impresora De Recarga Continua Canon G2110,$489.000,Un gran producto con un precio aún mejor. el vendedor cumplió con los tiempos de entrega y el producto así como los adicionales llegaron en excelente condición.,5,Por Adrian Yara,2020-12-08,12-December,1
TORRE CPU HG INTEL CORE I5 NOVENA GENERACIÓN 9400 Disco Duro 1TB RAM 8GB,$1.719.900,me encanto el prosesador el costo y ademas el envio es gratis,5,Por Maria Mercedes,2020-06-06,06-June,1
Monitor Lg 29 Pulgadas 29WN600-W 2560x1080 Hdmi Parlantes,$1.089.900,Buen servicio,5,Por luz dary Duarte Hernández,2020-05-25,05-May,1
Impresora multifuncional Hp 410 Inalambrica Ink Tank economica tanque de tinta,$599.900,todavía no la he puesto en funcionamiento.  llegó muy rápido.   se ve bien .,5,Por Ana María Cruz perez,2020-07-22,07-July,1
Impresora multifuncional Hp 410 Inalambrica Ink Tank economica tanque de tinta,$599.900,me gustó la rapidez de entrega y hasta el momento la impresora está funcionando bien... gracias,4,Por Diana Martinez Diana Martinez,2020-06-13,06-June,1
Impresora multifuncional Hp 410 Inalambrica Ink Tank economica tanque de tinta,$599.900,Excelente producto y servicio de entrega. Recomendadísimo,5,Por Carolina Castro Saldarriaga,2020-01-06,01-January,1
Impresora multifuncional Hp 410 Inalambrica Ink Tank economica tanque de tinta,$599.900,excelente producto,5,Por rodrigo jimenez murcia,2020-05-24,05-May,1
Impresora multifuncional Hp 410 Inalambrica Ink Tank economica tanque de tinta,$599.900,10 de 10 muy buena la impresora,4,Por Carlos A,2020-04-23,04-April,1
Impresora multifuncional Hp 410 Inalambrica Ink Tank economica tanque de tinta,$599.900,muy bonita y buena,5,Por Javier Salazar giraldo,2020-08-02,08-August,1
